Key;English;French;German;Polish;Spanish;Italian;Swedish;Czech;Hungarian;Dutch;Portuguese;Russian;Finnish
reorganize_la_plata_title;Reorganize La Plata;;;;;;;;;;;;;
reorganize_la_plata_desc;The submission of La Plata to our enlightened rule has left a great deal of precarious philosophical questions. Let us offer Buenos Aires brotherly advice about the future of South America.;;;;;;;;;;;;;
MON_liberal;Napredaši;;;;;;;;;;;;;
MON_reactionary_tribes;Plemenski Zbor;;;;;;;;;;;;;
MON_reactionary_church;Pravoslavna Crkva;;;;;;;;;;;;;
MON_conservative;Petrovic-Njegoši;;;;;;;;;;;;;
MON_communist;Savez Komunista;;;;;;;;;;;;;
MON_socialist;Narodna Socijalisticka Stranka;;;;;;;;;;;;;
MON_liberal_2;Narodna Stranka;;;;;;;;;;;;;
MON_conservative_2;Prava Narodna Stranka;;;;;;;;;;;;;
MON_reactionary_2;Zelenaši;;;;;;;;;;;;;
MON_radical;Pariška Klika;;;;;;;;;;;;;
MON_fascist;Crnogorska Stranka;;;;;;;;;;;;;
SER_radical;Narodna Radikalna Stranka;;;;;;;;;;;;;
MON_claim_hercegovina_title;Claim Herzegovina;;;;;;;;;;;;;
MON_claim_hercegovina_desc;§RGain 4 infamy§! While we already control New Herzegovina, our brothers are still being unrightfully oppressed in the rest of Herzegovina. Proclaim that it is our duty to save them!;;;;;;;;;;;;;
MON_claim_ragusa_title;Claim Dubrovnik;;;;;;;;;;;;;
MON_claim_ragusa_desc;§RGain 2 infamy§! Dubrovnik, also known as Ragusa, is an important port inhabited by fellow Slavs. Controlling it would enhance our security in the Herzegovina region and bring economic prosperity. Let us claim it!;;;;;;;;;;;;;
MON_claim_sanjak_title;Claim Sanjak;;;;;;;;;;;;;
MON_claim_sanjak_desc;§RGain 2 infamy§! The so-called Sanjak of Novi Pazar is not to be split - all of it belongs to the Montenegrins! Though it has been under the Ottoman jackboot since it was conquered from the Serbian Despotate in 1455, the people there know that, deep down, they are true Slavs.;;;;;;;;;;;;;
MON_claim_skadar_title;Claim Skadar;;;;;;;;;;;;;
MON_claim_skadar_desc;§RGain 2 infamy§! Skadar, also known as Shkodra, Shkoder or Scutari, is an important town on the other side of the lake that carries the same name as the historical capital of our predecessor, the old land of Zeta. While the majority of the town's and the surrounding region's inhabitants are Albanian, controlling it remains paramount in pursuing the resolution of irrigation problems in Old Montenegro. Some have already gone as far as to claim that our future relies on the control of this town. Let us officially stake our claim!;;;;;;;;;;;;;
MON_claim_kosovo_title;Claim Kosovo;;;;;;;;;;;;;
MON_claim_kosovo_desc;§RGain 6 infamy§! Kosovo was the heartland of the Serbian Empire and we Montenegrins are its true inheritors. Kosovo, the root of Serbian history, tradition and national identity is rightfully ours!;;;;;;;;;;;;;
MON_claim_serbian_leadership_title;Assume Leadership of the Serbs by Force;;;;;;;;;;;;;
MON_claim_serbian_leadership_desc;§RNOTE: Serbia may retaliate!§! While usually on very friendly terms, the reign of prince and later king Nikola of Montenegro was marked by his struggles with the Serbian Karadordevic and Obrenovic dynasties over the rulership of all Serbs. It was believed locally that Montenegro was the sole remnant and inheritor of the medieval Serbian Empire, from which its restoration will eventually come from. Historically, a dynastic union was almost achieved when a royal marriage between Montenegro and Serbia, that would put the Petrovic-Njegos dynasty in the line of succession, was agreed upon. This was, however, thwarted when the pro-Russian Karadordevic dynasty was restored in Serbia and Russia chose Serbia as its main horse in the race. We can either attempt to proceed peacefully with the royal marriage and a little... accident, or we can simply march to Belgrade and enforce our leadership.;;;;;;;;;;;;;
MONTYMEN_DESC;Against all odds, we, the Montenegrins, are now the leaders of the Serbians. However, there are still some cultural differences present between our two people and we must take a stance on the future of our culture...;;;;;;;;;;;;;
SER_absolute_empire;The Serbian Empire;;;;;;;;;;;;;
SER_semi_constitutional_empire;The Serbian Empire;;;;;;;;;;;;;
SER_constitutional_empire;The Serbian Empire;;;;;;;;;;;;;
YUG_absolute_empire;Illyria;;;;;;;;;;;;;
YUG_semi_constitutional_empire;Illyria;;;;;;;;;;;;;
YUG_constitutional_empire;Illyria;;;;;;;;;;;;;
YUG_absolute_empire_ADJ;Illyrian;;;;;;;;;;;;;
YUG_semi_constitutional_empire_ADJ;Illyrian;;;;;;;;;;;;;
YUG_constitutional_empire_ADJ;Illyrian;;;;;;;;;;;;;
YUG_theocracy;The Prince-Bishopric of Yugoslavia;;;;;;;;;;;;;
BUL_absolute_empire;The Bulgarian Empire;;;;;;;;;;;;;
BUL_semi_constitutional_empire;The Bulgarian Empire;;;;;;;;;;;;;
BUL_constitutional_empire;The Bulgarian Empire;;;;;;;;;;;;;
MON_become_serbia_tsar_title;Restore the Serbian Empire;;;;;;;;;;;;;
MON_become_serbia_tsar_desc;Ever since the Battle of Kosovo, the Serbian Empire has lain dead at the feet of the Turks. However, one indomitable retreat of Serbs has persisted in the former Zetan land. This retreat became known as Crna Gora - Montenegro. The sole true heir to the Serbian Empire. And now, the house of Petrovic-Njegoš can safely proclaim: the Empire of Dušan is restored! Long live Serbia!;;;;;;;;;;;;;
MON_become_serbia_title;Unite Serbia and Montenegro;;;;;;;;;;;;;
MON_become_serbia_desc;Ever since the Battle of Kosovo, the Serbian Empire has lain dead at the feet of the Turks. However, one indomitable retreat of Serbs has persisted in the former Zetan land. This retreat became known as Crna Gora - Montenegro. And now, from Montenegro, we can safely proclaim: Serbia is restored!;;;;;;;;;;;;;
EVTDESC600;\n\nFollowing_a_breakdown_of_diplomatic_relations,_our_brothers_in_Montenegro_have_declared_themselves_as_the_true_rulers_of_the_Serbs_and_have_begun_mustering_to_march_on_our_land_with_the_goal_of_enforcing_their_claim._We_must_ready_for_war!;;;;;;;;;;;;;
MON_restore_pec_title;Restore the Patriarchate of Pec;;;;;;;;;;;;;
MON_restore_pec_desc;The Patriarchate of Pec Monastery is a medieval Serbian Orthodox monastery located near the city of Peja. Built in the 13th century, it became the residence of Serbian Archbishops. In 1346, when the Serbian Patriarchate of Pec was created, the Monastery became the seat of Serbian Patriarchs. The monastery complex consists of several churches, and during medieval and early modern times it was also used as mausoleum of Serbian archbishops and patriarchs. The monastery church is unique in Serbian medieval architecture, with three churches connected as one whole, with a total of four churches. After 1737, the Phanariotes embarked on policy initiatives that led to the exclusion of Serbs in the succession of the patriarchate, which was eventually abolished in September 1766. At the beginning of the First Balkan War, army of the Kingdom of Montenegro entered into Pec. By the Treaty of London, the region of Pec was officially awarded to Montenegro and the Monastery of Pec again became an episcopal seat.;;;;;;;;;;;;;
MON_irrigate_title;Irrigate Old Montenegro;;;;;;;;;;;;;
MON_irrigate_desc;Now that we control Skadar, we have the means to resolve the irrigation issues in Old Montenegro. Diverting water from the large Drin River to our agricultural lands would ensure access to sufficient water for intensive farming to continue even in years with little rain.;;;;;;;;;;;;;
EVTDESC601;Our_little_brother_in_the_Balkans,_Montenegro,_sometimes_nicknamed_"The_Serbian_Sparta",_has_humbly_requested_that_we_support_their_endeavors_to_develop_their_country_and_defend_against_the_Turks._Even_a_small_sum_of_money_would_be_a_great_boon_for_the_scions_of_Mount_Lovcen._Being_a_small_and_mountainous_country,_Montenegro_has_few_sources_of_income_and_would_surely_be_eternally_grateful_for_our_support.;;;;;;;;;;;;;
MON_nag_for_money_title;Ask Russia for Subsidies;;;;;;;;;;;;;
MON_nag_for_money_desc;Our land is small and poor, making it hard for us to attain prosperity. Luckily, our great protector in the East may be willing to help us out. Let us humbly request Russia's support in our endeavors to develop our country and defend against the Turks. What would only be a small cost to the Russians would be a massive boon to our small country.;;;;;;;;;;;;;
MON_marry_into_europe_title;Marry into Europe;;;;;;;;;;;;;
MON_marry_into_europe_desc;Our lord Nikola has had several children, many of which are now ready for marriages. Let us use this opportunity to marry into European royal families and raise our international standing. Prominent proposals include the marriages of king Victor Emmanuel III of Italy with Princess Elena, Serbian pretender Peter Karadordevic with Princess Zorka, Russian Grand Duke Peter Nicolaievich with Princess Milica as well as Prince Franz Joseph of Hesse and by Rhine with Princess Julia.;;;;;;;;;;;;;
MON_proclaim_kingdom_title;Proclaim the Kingdom of Montenegro;;;;;;;;;;;;;
MON_proclaim_kingdom_desc;With the enlargement of our country, our prince has been making various hints at turning Montenegro into a proper Kingdom. With the backing of loyalists in the government, we can arrange for this to happen. Long live the king!;;;;;;;;;;;;;
MON_adopt_perper_title;Adopt the Perper;;;;;;;;;;;;;
MON_adopt_perper_desc;With recent advancements that our country has made, the government has deemed it prudent to create our own currency instead of relying on foreign ones. The Montenegrin Perper, our new currency named after the Byzantine hyperpyron, would be issued using several precious metals, including gold, silver, bronze and nickel, ensuring its stability.;;;;;;;;;;;;;
MON_russian_subsidies;Receiving Russian subsidies;;;;;;;;;;;;;
MON_russian_subsidies_desc;Russia has agreed to subsidy us, for the time being.;;;;;;;;;;;;;
MON_no_subsidies;No Russian subsidies;;;;;;;;;;;;;
MON_no_subsidies_desc;Russia has refused to subsidy us this time. Perhaps we should try again later?;;;;;;;;;;;;;
MON_marry_serbia_title;Marry into Serbia;;;;;;;;;;;;;
MON_marry_serbia_desc;Ever in the struggle over the leadership of the Serbian people, our lord Nikola and his advisors have presented a curious scheme: the prince Mirko, duke of Grahovo, will marry Natalija Konstantinovic, a granddaughter of Anna Obrenovic, one of the two competing dynasties in Serbia. By extension, a clause in the marriage agreement will stipulate that were the Serbian monarch Alexander to die with no children, the crown of Serbia will pass exactly to prince Mirko. That way, the house of Petrovic-Njegoš would be the sole ruler of the Serbs. While Mirko is not our firstborn, we could convince the crown prince Danilo to refuse the throne later. Let us send an offer to Belgrade!;;;;;;;;;;;;;
MON_606_DESC;\n\nPrince Nikola I of Montenegro has written a patriotic song called "Onamo, 'namo!" (There, o'er there!). The song's music was composed by Franjo Vimer, partly drawing inspiration from the popular "Hymn of Garibaldi". The song's lyrics call for the liberation of Serb-inhabited lands from the Ottoman Empire, making reference to the medieval Serbian capital of Prizren, the Visoki Decani monastery and the 14th-century Battle of Kosovo. This brazen rhetoric coming from the very ruler of Montenegro may anger the Ottoman Empire.;;;;;;;;;;;;;
MON_613_DESC;\n\nOur adoption of Onamo 'Namo as our national anthem has apparantly outraged the Turks to such an extent that they have decided to muster their armies against us. We must prepare for war!;;;;;;;;;;;;;
MON_607_DESC;\n\nEver in the struggle over the leadership of the Serbian people, the Montenegrin lord Nikola has presented us a curious scheme: his son, prince Mirko, the duke of Grahovo, will marry Natalija Konstantinovic, a granddaughter of Anna Obrenovic. By extension, a clause in the marriage agreement will stipulate that were our lord Alexander to die with no children, the crown of Serbia will pass exactly to prince Mirko. That way, the two Serbian states shall finally be united under one dynasty. Shall we accept?;;;;;;;;;;;;;
MON_610_DESC;\n\nThe Montenegrins have published "Onamo, 'namo!" (There, o'er there!), a poem with inflammatory text referencing the killing Turks and the old glory of Serbia, aimed to rouse the Serbs against our rule. It is already hailed as a "Serbian Marseillaise".;;;;;;;;;;;;;
MON_611_DESC;\n\nThe Montenegrins have published "Onamo, 'namo!" (There, o'er there!), a poem with inflammatory text referencing the killing Turks and the old glory of Serbia, aimed to rouse the Serbs against our rule. It is not only already hailed as a "Serbian Marseillaise", but the Montenegrins have also had the gall to name this mockery their national anthem!;;;;;;;;;;;;;
MON_DANILO_DEATH;\n\nOur ruler Danilo I has been assassinated! Todor Kadic of the Bjelopavlici clan that did not recognize his rulership struck as Danilo was boarding a ship at the port of Kotor. Nikola I, Danilo's nephew, has succeeded Danilo as the new prince of Montenegro. After centuries of theocratic rule, Danilo was the first Montenegrin secular prince who did not hold the ecclesiastical position of the Vladika. He was planning to upgrade the status of Montenegro by turning it into a kingdom but did not live long enough to see his ambitions realized.;;;;;;;;;;;;;
MON_GORSKI_VJENAC;\n\nGorski Vjenac (The Mountain Wreath) is a poem and a play written by Prince-Bishop and poet Petar II Petrovic-Njegoš. Njegoš wrote The Mountain Wreath during 1846 in Cetinje and published it the following year after the printing in an Armenian monastery in Vienna. It is a modern epic written in verse as a play, thus combining three of the major modes of literary expression. Set in 18th-century Montenegro, the poem deals with attempts of Njegoš's ancestor Metropolitan Danilo I Petrovic-Njegoš to regulate relations among the region's warring tribes. Written as a series of fictitious scenes in the form of dialogues and monologues, the poem opens with Metropolitan Danilo's vision of the spread of Turkish power in Europe. Torn by inner conflict he sees that the struggle is inevitable, but dreads the issues. The poem is considered a masterpiece of Serbian and Montenegrin literature.;;;;;;;;;;;;;
MON_MIRKO_SER_KING;\n\nGOur royal marriage has paid off! King Alexander of Serbia has been assassinated without an heir in a coup. Now, the Serbians have elected Mirko Petrovic-Njegoš as the new king!;;;;;;;;;;;;;
MON_TUR_offer_a_deal_title;A Deal with Montenegro;;;;;;;;;;;;;
MON_TUR_offer_a_deal_desc;The tumultuous Montenegrin tribes keep launching raids into our territory, trying to take land for themselves. We shall make them an offer where we give them Iskodra, a part of the Adriatic coast and part of eastern Herzegovina... in exchange for their loyalty. However, Montenegro's allies might not like this!;;;;;;;;;;;;;
MON_TUR_OFFER;\n\nAn emissary from the Sultan has presented us a curious offer: wary of the raids we conduct on Ottoman land and our territorial ambition, the Porte offers to give us control of Skadar, a part of the Adriatic coast and a part of eastern Herzegovina... in exchange for bending a knee to Constantinople. How do we reply?;;;;;;;;;;;;;
HUR_liberal;Federal Canton Party;;;;;;;;;;;;;
HUR_reactionary;Societas Draconistarum;;;;;;;;;;;;;
HUR_conservative;Unionists;;;;;;;;;;;;;
HUR_communist;Party of Carpathian Labor;;;;;;;;;;;;;
HUR_socialist;Carpathian Labor Union;;;;;;;;;;;;;
HUR_radical;Society of Reformers;;;;;;;;;;;;;
HUR_fascist;New Black Army;;;;;;;;;;;;;
PRG_francia;Francia;;;;;;;;;;;;;
maphilindo_group;East Indian;Sud-est asiatique;Südostasiatisch;;Del sudeste asiático;;;;;;;;;
HEK;Hesse;Hesse-Cassel;Hessen-Kassel;;Hesse-Kassel;;;;;;;;;
HES;Hesse and by Rhine;Hesse-Darmstadt;Hessen-Darmstadt;;Hesse-Darmstadt;;;;;;;;;
SWE_radical;Revolutionära Partiet;Anti-revoultionära partiet;Anti-revoultionära partiet;;Anti-revoultionära partiet;;;;;;;;;
germanic;German;;;;;;;;;
unite_indonesia_title;Unite Indonesia;;;;;;;;;;;;;
unite_indonesia_desc;We must unite all of the people of the East Indies under a common banner. Down with the imperialists! \n\nTo take this decision, be, befriend, sphere or conquer §Yall cores§! of the nations of: Djambi, Riau-Lingga, Siak, Aceh, Bone, Yogyakarta, Buton and Bali. Cores of Bali held by Portugal are not counted. Uncolonized cores are not counted.\n\n§GAny nation that has its primary culture in the East Indies cultural group may join as well.§!;;;;;;;;;;;;;
BOH;Bohemia;;;;;;;;;;;;;
BOH_democracy;Bohemia;;;;;;;;;;;;;
BOH_reactionary;Strana konzervativního velkostatku;;;;;;;;;;;;;
BOH_reactionary_NSK;Národní strana katolická;;;;;;;;;;;;;
BOH_reactionary_SKL;Strana katolického lidu;;;;;;;;;;;;;
BOH_reactionary_CSL;Ceská strana lidová;;;;;;;;;;;;;
BOH_conservative;Národní strana;;;;;;;;;;;;;
BOH_conservative_starocesi;Národní strana (staroceši);;;;;;;;;;;;;
BOH_conservative_CSD;Ceská státoprávní demokracie;;;;;;;;;;;;;
BOH_conservative_ND;Národní demokracie;;;;;;;;;;;;;
BOH_liberal;Strana ústavoverného velkostatku;;;;;;;;;;;;;
BOH_liberal_mladocesi;Národní strana (mladoceši);;;;;;;;;;;;;
BOH_liberal_NSS;Národní strana svobodomyslná;;;;;;;;;;;;;
BOH_liberal_CSP;Ceská strana pokroková;;;;;;;;;;;;;
BOH_radical;Národní výbor;;;;;;;;;;;;;
BOH_radical_RPS;Radikálne pokroková strana;;;;;;;;;;;;;
BOH_radical_SPS;Státoprávní pokroková strana;;;;;;;;;;;;;
BOH_socialist;Sociálne demokratická strana ceskoslovanská;;;;;;;;;;;;;
BOH_socialist_CSNS;Ceská strana národne sociální;;;;;;;;;;;;;
BOH_communist;Komunistická strana ceská;;;;;;;;;;;;;
BOH_fascist;Národní obec fašistická;;;;;;;;;;;;;
SLV_fascist;Hlinkova slovenská ludová strana;;;;;;;;;;;;;
SLV_radical;Vzájomnost;;;;;;;;;;;;;
SLV_liberal_early;Spolocnost cesko-slovanská;;;;;;;;;;;;;
SLV_liberal_stur;Štúrovci;;;;;;;;;;;;;
SLV_liberal_novaskola;Nová škola slovenská;;;;;;;;;;;;;
SLV_liberal_vyrovnanie;Strana vyrovnania;;;;;;;;;;;;;
SLV_liberal_hlasisti;Ceskoslovenská jednota;;;;;;;;;;;;;
SLV_liberal_last;Živnostensko-obchodnícka strana;;;;;;;;;;;;;
SLV_conservative;Panslávi;;;;;;;;;;;;;
SLV_conservative_staraskola;Stará škola slovenská;;;;;;;;;;;;;
SLV_conservative_SNS;Slovenská národná strana;;;;;;;;;;;;;
SLV_conservative_agrarian;Agrárna strana;;;;;;;;;;;;;
SLV_reactionary;Velkostatok;;;;;;;;;;;;;
SLV_reactionary_SLS;Slovenská ludová strana;;;;;;;;;;;;;
SLV_socialist;Slovenská sociálnodemokratická strana;;;;;;;;;;;;;
SLV_communist;Komunistická strana Slovenska;;;;;;;;;;;;;
CZH_conservative;RSZML;CSL;CSL;;CSL;;;;;;;;;
CZH_liberal;CsND;RSZML;RSZML;;RSZML;;;;;;;;;
CZH_reactionary;CSL-SLS;CsND;CsND;;CsND;;;;;;;;;
CZH_socialist;CSDSD;CSSD;CSSD;;CSSD;;;;;;;;;
CZH_communist;KSC;CSSD;CSSD;;CSSD;;;;;;;;;
CZH_radical;CŽOSS;;;;;;;;;;;;;
CZH_fascist;NOF;;;;;;;;;;;;;
CZH_colonial_company;The Czechoslovak National Council;;;;;;;;;;;;;
EVTNAME618;The Czechoslovak National Council;;;;;;;;;;;;;
EVTDESC618;\n\nAs_war_rages_on,_certain_"representatives"_of_the_Czechs_and_Slovaks_have_met_abroad_and_signed_a_declaration_uniting_their_aims_of_nationhood_into_a_common_future_state_--_a_so-called_"Czechoslovakia"_that_they_wish_to_carve_up_from_the_corpse_of_our_country!;;;;;;;;;;;;;
EVTNAME619;The Provisional Government;;;;;;;;;;;;;
EVTDESC619;\n\nWith_the_success_of_the_Czechoslovak_National_Council,_it_must_now_transform_into_a_provisional_government_to_ensure_order_in_the_nation_for_the_time_being.;;;;;;;;;;;;;
EVTNAME620;End of the Provisional Government;;;;;;;;;;;;;
EVTDESC620;\n\nWith_order_in_the_nation_secured,_we_can_now_establish_a_regular_civil_government_in_Czechoslovakia._Additionaly,_a_deliberation_on_how_to_include_the_Slovaks_on_the_flag_of_our_new_nation_has_now_ended_with_the_success_of_a_modified_proposal_by_Jaroslav_Kursa.;;;;;;;;;;;;;
EVTNAME621;A Delegation from Ruthenia;;;;;;;;;;;;;
EVTDESC621;\n\nThe_Ruthenians_--_also_called_Rusyns,_Uhro-Rusins,_sometimes_Ukrainians_and_sometimes_further_divided_into_subnational_groups_--_have_requested_to_be_included_as_part_of_our_state,_given_the_foreign_claims_on_their_land_that_they_would_not_be_able_to_resist_themselves._In_return,_they_only_ask_for_a_certain_degree_of_autonomy_to_go_about_their_daily_lives_without_persecution.;;;;;;;;;;;;;
EVTDESC623;\n\nNews_has_reached_us_about_a_successful_uprising_in_Pozsony_against_the_efforts_of_the_local_government_to_Slovakize_the_city._The_rebels_now_request_to_be_integrated_into_our_country._How_shall_we_respond?;;;;;;;;;;;;;
EVTDESC624;\n\nNews_has_reached_us_about_a_successful_uprising_in_Pressburg_against_the_efforts_of_the_local_government_to_Slovakize_the_city._The_rebels_now_request_to_be_integrated_into_our_country._How_shall_we_respond?;;;;;;;;;;;;;
EVTDESC625;\n\nDespite_mishandling_the_situation_enough_that_an_uprising_has_taken_control_of_the_city,_the_governments_of_both_Hungary_and_Germany_have_refused_to_annex_Bratislava_and_the_rebels_are_now_without_support._They_are_now_at_the_mercy_of_our_army.;;;;;;;;;;;;;
EVTDESC626;\n\nOur_mishandling_of_the_situation_in_Bratislava_has_resulted_in_an_uprising_that_has_taken_control_of_the_city!_The_locals_have_petitioned_to_rejoin_their_former_masters,_who_have_accepted_-_we_have_lost_Bratislava!;;;;;;;;;;;;;
SLV_bratislava_capital_title;Move Capital to Bratislava;;;;;;;;;;;;;
SLV_bratislava_capital_desc;Pressburg, Pozsony, Prešporok -- the number of names the Beauty on the Danube has reflects its multiethnic character. Our ministers propose to move the Slovak capital there, as its economic potential as a Danubian port would be a great boon to our country, despite the city's defensive shortcomings. However, the Hungarians and Germans of the city will not like Bratislava cementing its status as a Slovak city. §RIf the unrest in Bratislava will not be dealt with following this move, its non-Slovak citizens will rise up!§W;;;;;;;;;;;;;
SLV_bratislava_vavro_trolling_title;Kidnap Bratislava Notables;;;;;;;;;;;;;
SLV_bratislava_vavro_trolling_desc;§GPrevents uprising in Bratislava.§!\n\n"[...] The Bolsheviks stood on the other bank in Petržalka, and in the city itself there were 20,000 organized workers - Bolsheviks and Bolshevik-oriented Hungarian and German social democrats, who were obviously waiting for the arrival of the Hungarians. If they rebelled, the fate of Bratislava would be sealed and the whole government would hang from the lampposts... Now I saw that the Czechoslovak government is at mercy in Bratislava... "You know what?", I said to Brunner, "collect 1,000 people immediately around Bratislava, the leaders of society and leading figures of the city, and send them immediately with escorts to Luhacovice, Terezín and Josefov as hostages. Start immediately, everything must be done by morning." Brunner carried out my order carefully. And when I went for a walk through the city in the morning, there was dead silence everywhere." -Vavro Šrobár;;;;;;;;;;;;
SLV_prov_gov_liberal;Autonomous Slovakia;;;;;;;;;;;;;
SLOVAKMEMORANDUM;\n\nA new manifesto has been proclaimed at an assembly of about 5,000 Slovaks in Turócszentmárton. It calls for the recognition of Slovaks as their own sovereign nation within Hungary, the creation of an autonomous Upper Hungarian Slovak Land, to be administered by Slovaks through elected representatives, the calls for Slovak to be officially used in affected government offices, courts and schools, and the establishment of a central cultural and scientific institution for Slovaks, Matica Slovenská. What is our response?;;;;;;;;;;;;;
MARINABASEN;\n\n"Marína" is a great work of romantic, reflective and patriotic poetry in Slovak literature, written by Andrej Sládkovic (Andrej Braxatoris), a Slovak Protestant priest, author and translator, between 1844 and 1846, published in Pest in the same year it was finished. The 291 stanzas (2,900 lines) long poem combines themes of unfulfilled love between the author and his student-muse Mária Pišlová with love to one's homeland and author's introspection. The real Mária Pišlová was forced by her mother to marry a rich gingerbread maker instead, which gave Sládkovic's broken heart the impetus to write "Marína". It has now set a new world record for the longest love poem, a position it is sure to keep for many more decades into the future.;;;;;;;;;;;;;
SLOVAKVOLUNTEERSDOWN;\n\nWith the conclusion of our war against Hungary, we are left with an army of Slovak volunteers who are controlled by the Slovak National Council and (despite some friendly fire) loyal to us. What shall we do with them?;;;;;;;;;;;;;
MATICASLOVENSKA;\n\nA Slovak cultural institution called "Matica slovenská" was founded in the city of Turciansky Svätý Martin to promote Slovak culture and identity. Inspired by the establishment of the Serbian and Czech Matica, the Slovak Matica established education, research, and publishing programs, laying the foundations for library and archive activities. It drew members from all parts of the nation and, despite being forbidden from getting involved in political activities, became a representative and a symbol of Slovak 'independence'. Gradually, the Matica slovenská became a center of Slovak national life and served as a substitute for national political institutions, which had been prohibited in Hungary. By 1873, the Matica had 1,300 members, many of which included entities such as municipalities, libraries, schools and associations.;;;;;;;;;;;;;
BOH_czech_lands_title;Claim Silesia;;;;;;;;;;;;;
BOH_czech_lands_desc;§RGain 10 infamy§! The Lands of the Bohemian Crown used to include Silesia, until it was unjustly taken from us by the Prussians. If we are to find a place among the nations of today, we must correct this historical injustice.;;;;;;;;;;;;;
CZH_claim_lusatia_title;Claim Lusatia;;;;;;;;;;;;;
CZH_claim_lusatia_desc;§RGain 5 infamy§! Our little brothers, the Lusatian Sorbs, are being cruelly persecuted by the Prussian menace. We must liberate them immediately - lest a Slavic nation will forever be lost in German hell.;;;;;;;;;;;;;
claim_CZH_YUG_corridor_title;A Corridor to connect the South and West Slavs;;;;;;;;;;;;;
claim_CZH_YUG_corridor_desc;§RGain 7 infamy§! A great migratory injustice in medieval times has divided the Slavs into two unconnected parts. To defend against Magyar irredentism, we must make sure to connect with our brothers through Burgenland.;;;;;;;;;;;;;
CZH_SLV_bratislava_capital_title;Move Slovak Administration to Bratislava;;;;;;;;;;;;;
CZH_SLV_bratislava_capital_desc;Pressburg, Pozsony, Prešporok -- the number of names the Beauty on the Danube has reflects its multiethnic character. Our ministers propose to move the Slovak capital there, as its economic potential as a Danubian port would be a great boon to our country, despite the city's defensive shortcomings. However, the Hungarians and Germans of the city will not like Bratislava cementing its status as a Slovak city. §RIf the unrest in Bratislava will not be dealt with following this move, its non-Slovak citizens will rise up!§W;;;;;;;;;;;;;
PRAGUEUPRAUSTRIA;\n\nWith our inability to defeat the uprising in Prague, our stranglehold on Bohemia and Moravia has lost its grip as further uprisings across the land, emboldened by the one in Prague, join the cause of Czech nationhood. With the recent unification of these uprisings into a common Czech Congress, Bohemia and Moravia are all but lost.;;;;;;;;;;;;;
PRAGUEUPRBOHEMIA;\n\nWith Vienna's inability to defeat our uprising, their stranglehold on Bohemia and Moravia has lost its grip as further uprisings across the land, emboldened by the one in Prague, join the cause of Czech nationhood. With the recent unification of these uprisings into a common Czech Congress, the Austrian cause is lost.;;;;;;;;;;;;;
great_moravia_larp_title;Claim Great Moravian Legacy;;;;;;;;;;;;;
great_moravia_larp_desc;§RGain 5 infamy. This will disallow you to form Czechoslovakia.§! We Slovaks and Moravians are one nation, with our roots in the Great Moravian Empire of old, as proclaimed by the great romanticist historians of our age. We must reject foreign influences on our national outlook, such as with the Germanized Bohemians, and set sights back, to our ancient times of glory. We are the heirs to Great Moravia!;;;;;;;;;;;;;
great_moravia_larp_stop_title;Extend Great Moravian Claims;;;;;;;;;;;;;
great_moravia_larp_stop_desc;§RGain 20 infamy.§! We have retaken the ancient cores of Svätopluk's empire: Moravia and Nitra. But to retain our independence and strength in the faces of German and Magyar aggressors, we must push onward - what was once ours, will be ours again!;;;;;;;;;;;;;
great_moravia_larp_get_help_title;Great Moravia Ascendant;;;;;;;;;;;;;
great_moravia_larp_get_help_desc;§RGain 25 infamy.§! Europe has been shook by the scions of Mojmír - yet the studies of our eminent historians claim yet further extents of our ancient empire, from Lusatia down to the Tisa, from Krems down the Pannonian March to present Croatia. They may call us mad all they want - deal the final blow to cement our hegemony over Central Europe!;;;;;;;;;;;;;
PRAGUEUPRDEFEAT;\n\nWe have successfully managed to defeat the Czechs with a final bombardment of the rebels in Prague's Old Town. Their cause is subdued for the time being and we can focus our attention elsewhere.;;;;;;;;;;;;;
big_belarus_letsgo_title;Claim Greater Belarus;;;;;;;;;;;;;
big_belarus_letsgo_desc;We hold the core of the White Ruthenian nation, yet there are more of us beyond our borders, shackled and oppressed by foreign powers. If our nation is to truly awake, it must be whole!;;;;;;;;;;;;;
CHE;Cherokee;;;;;;;;;;;;;
CHE_colonial_company;Indian Territory;;;;;;;;;;;;
CHE_colonial_company_2;United Indian Nations;;;;;;;;;;;;
CHE_ADJ;Cherokee;;;;;;;;;;;;;
cavalry;Lancer;;;;;;;;;;;;;
cavalry_short;Lan;;;;;;;;;;;;;
INL;Indian Confederacy;;;;;;;;;;;;;
INL_ADJ;Indian;;;;;;;;;;;;;
reclaim_indian_territory_title;Reclaim Indian Territory;;;;;;;;;;;;;
reclaim_indian_territory_desc;The government in Washington has created the Indian Territory to be the land where we may live without the intrusions of colonists. However, greed compelled the pale face to chip away at this territory at any time he deemed it beneficial for himself. Justice compels us to remind him of the original promise he made to us!;;;;;;;;;;;;;
reclaim_indian_northwest_title;Back to the Great Lakes;;;;;;;;;;;;;
reclaim_indian_northwest_desc;It was not so long ago that the tribes south of the Great Lakes confederated to resist American expansion. In the end, our people have lost and were expelled further west. But - the heirs to these warriors now live among us and with our newfound strength they clamor: let us take revenge - let us head home east!;;;;;;;;;;;;;
reclaim_indian_reserve_title;Reclaim the Indian Reserve;;;;;;;;;;;;;
reclaim_indian_reserve_desc;All land west of the Appalachians has been reserved for us in 1763 by the British. However, the pale faces has broken this promise in his everlasting greed and poured west into our lands. No more! He shall be reminded of the wrongs he has done to our peoples.;;;;;;;;;;;;;
reclaim_seminole_land_title;Reclaim Seminole Land;;;;;;;;;;;;;
reclaim_seminole_land_desc;The Seminole, a part of our confederation, have been driven from their lands in Florida. With our rising strength, calls mount to reclaim this land - let us heed them!;;;;;;;;;;;;;
USA_colonial_company_2;English Territory;;;;;;;;;;;;
CSA_colonial_company_2;South English Territory;;;;;;;;;;;;
the_final_push_to_the_sea_title;The Final Push to the Sea;;;;;;;;;;;;;
the_final_push_to_the_sea_desc;Four hundred years ago, the pale faces landed at our shores and brought doom. Our ancestral land he took from us by war and trickery, every treaty he broke and every tribe he affected by his mischief. However, the tides of fortune have turned in the recent years and we now stand ready to finish what we started. We shall reach the east coast!;;;;;;;;;;;;;
CHE_birth_more_1_title;The Repopulation Program;;;;;;;;;;;;;
CHE_birth_more_1_desc;If we are to compete with the Europeans, we must do everything in our power to raise our population. We must force tribes to settle down, grow crops and keep animals. We must regulate rivers, clear land and protect settlements. Our youth will attend foreign universities to learn about medicine, agriculture and other useful things. Polygamy will have to be legally expanded to all constituent nations and all families will have to be accounted for. It will take much money, effort and debate in the Tribal Council, but in the end, there is no other option for us if we want to have a future.;;;;;;;;;;;;;
CHE_birth_more_2_title;Begin Urbanization;;;;;;;;;;;;;
CHE_birth_more_2_desc;Now with enough people and food, we can begin the second part of our program. We will start the construction of proper permanent towns across the land to serve as hubs of administration, commerce and learning, from which our nations can spring up stronger than before. At the same time, we shall continue with our previous policies in the countryside.;;;;;;;;;;;;;
CHE_birth_more_3_title;Encourage Population Boom;;;;;;;;;;;;;
CHE_birth_more_3_desc;The towns have been build and the countryside teems with people. Our nations spread across the land, connecting it with newfound wealth it has given them. The rise of quality of life coupled with new advancements in medicine offers us the opportunity to encourage one last population boom.;;;;;;;;;;;;;
winnetou_forbids_you;No Country for Pale Men;;;;;;;;;;;;;
winnetou_forbids_you_desc;Colonizers are no longer welcome to settle in our ancestral lands.;;;;;;;;;;;;;
instability_immig;Apparent Instability;;;;;;;;;;;;;
instability_immig_desc;Constant revolts and mutinies are making our country less attractive for immigration.;;;;;;;;;;;;;
CHE_expel_americans_indian_territory_title;Expel Settlers from the Plains;;;;;;;;;;;;;
CHE_expel_americans_indian_territory_desc;All those who have unlawfully or by trickery seized our lands must leave our Confederacy within 30 days. What they cannot take with them shall be seized.;;;;;;;;;;;;;
CHE_expel_americans_northwest_title;Expel Settlers from the Great Lakes;;;;;;;;;;;;;
CHE_expel_americans_northwest_desc;All those who have unlawfully or by trickery seized our lands must leave our Confederacy within 30 days. What they cannot take with them shall be seized.;;;;;;;;;;;;;
CHE_expel_americans_missouri_arkansas_title;Expel Settlers from Middle Mississippi;;;;;;;;;;;;;
CHE_expel_americans_missouri_arkansas_desc;All those who have unlawfully or by trickery seized our lands must leave our Confederacy within 30 days. What they cannot take with them shall be seized.;;;;;;;;;;;;;
CHE_expel_americans_louie_title;Expel Settlers from Lower Mississippi;;;;;;;;;;;;;
CHE_expel_americans_louie_desc;All those who have unlawfully or by trickery seized our lands must leave our Confederacy within 30 days. What they cannot take with them shall be seized.;;;;;;;;;;;;;
CHE_expel_americans_florida_title;Expel Settlers from Seminole Land;;;;;;;;;;;;;
CHE_expel_americans_florida_desc;All those who have unlawfully or by trickery seized our lands must leave our Confederacy within 30 days. What they cannot take with them shall be seized.;;;;;;;;;;;;;
CHE_expel_americans_reserve_title;Expel Settlers from the Reserve;;;;;;;;;;;;;
CHE_expel_americans_reserve_desc;All those who have unlawfully or by trickery seized our lands must leave our Confederacy within 30 days. What they cannot take with them shall be seized.;;;;;;;;;;;;;
CHE_expel_americans_continent_title;Expel Settlers from the West, North and South;;;;;;;;;;;;;
CHE_expel_americans_continent_desc;All those who have unlawfully or by trickery seized our lands must leave our Confederacy within 30 days. What they cannot take with them shall be seized.;;;;;;;;;;;;;
CHE_return_of_the_cherokee_title;Return of the Cherokee;;;;;;;;;;;;;
CHE_return_of_the_cherokee_desc;With control over the homeland of the Cherokees restored, many have expressed the will to return back.;;;;;;;;;;;;;
CHE_return_of_the_seminole_title;Return of the Seminole;;;;;;;;;;;;;
CHE_return_of_the_seminole_desc;With control over the homeland of the Seminoles restored, many have expressed the will to return back.;;;;;;;;;;;;;
CHE_return_of_the_kickapoo_title;Return of the Kickapoo;;;;;;;;;;;;;
CHE_return_of_the_kickapoo_desc;With control over the homeland of the Kickapoos restored, many have expressed the will to return back.;;;;;;;;;;;;;
CHE_return_of_the_choctaw_title;Return of the Choctaw;;;;;;;;;;;;;
CHE_return_of_the_choctaw_desc;With control over the homeland of the Choctaws restored, many have expressed the will to return back.;;;;;;;;;;;;;
CHE_return_of_the_caddo_title;Return of the Caddo;;;;;;;;;;;;;
CHE_return_of_the_caddo_desc;With control over the homeland of the Caddos restored, many have expressed the will to return back.;;;;;;;;;;;;;
CHE_return_of_the_louie_tribes_title;Return of the Lower Mississippi Tribes;;;;;;;;;;;;;
CHE_return_of_the_louie_tribes_desc;With control over the homeland of the lower Mississippi tribes restored, many have expressed the will to return back.;;;;;;;;;;;;;
CHE_claim_missouri_arkansas_title;Reclaim Middle Mississippi;;;;;;;;;;;;;
CHE_claim_missouri_arkansas_desc;Our peoples have been expelled from the banks of the Mississippi and their descendants now pressure the council to lay claim to these territories. Let us therefore march back east and take what's ours!;;;;;;;;;;;;;
CHE_claim_louisiana_title;Reclaim Lower Mississippi;;;;;;;;;;;;;
CHE_claim_louisiana_desc;There are still brothers of ours that dwell in the land where the Mississippi flows into the sea. We shall head south and liberate them - and no longer be landlocked!;;;;;;;;;;;;;
dakota;Siouan;;;;;;;;;;;;
CHE_liberal;Sequoyah Society;;;;;;;;;;;;;
CHE_conservative;Nighthawk Society;;;;;;;;;;;;;
CHE_socialist;Labor Society;;;;;;;;;;;;;
CHE_reactionary;Thunderbird Society;;;;;;;;;;;;;
CHE_radical;Progressive Society;;;;;;;;;;;;;
CHE_communist;Revolutionary Society;;;;;;;;;;;;;
CHE_fascist;Red Cloud Society;;;;;;;;;;;;;
CHECAPITALCHOOSE;\n\nAfter some deliberation, the council has presented a number of places suitable for our future new capital. Most argue for a site along the Mississippi, which would help faciliate trade and communication along this great artery. Others would favor a plot around the Great Lakes for similar reasons, or romantic idealism tied to the two previous rebellious confederacies in the area. Which site shall we choose?\n\n§RDo not move your capital to a province you do not control.\n\nEnsure your new capital's region is not a colony state, or you will suffer greatly!§!;;;;;;;;;;;;;
CHE_a_new_capital_title;Found a Modern Capital;;;;;;;;;;;;;
CHE_a_new_capital_desc;For our confederacy to be able to truly organize, we must settle on a favorable new capital to house our administration in perpetuity and to be in good access to all the lands we administer. Let us call together the great minds of the land and let them deliberate. §BThey will offer a plan within thirty days.§!;;;;;;;;;;;;;
CHE_new_capital;Indian Capital Founded;;;;;;;;;;;;
CHECAPITALNAMING;\n\nWe have picked a site for our new capital and now we must decide on a name for it. We may choose to honor someone great from our past, give it a descriptive name, or simply keep the name formerly used for the territory. Which shall we pick?;;;;;;;;;;;;;
CHE_allow_settlers_title;Allow Settlers;;;;;;;;;;;;;
CHE_allow_settlers_desc;Due to many previous experiences in the past, settlers were no longer welcome in our lands. However, now that our population has greatly risen and we have established proper administration throughout the country, some voices are beginning to debate allowing settlement. They claim that we would now have the means to control this influx properly and that many of our great leaders have already had European ancestry. A set of laws would have to be passed on various levels of the government, but in the end, it is all up to us. Shall we reopen our land for settlement?;;;;;;;;;;;;;
CHE_birth_more_2_flag;Urbanization has been accomplished.;;;;;;;;;;;;;
indian_conf;Confederated Tribes;;;;;;;;;;;;;
KUK_radical_republic;The Dual Republic;;;;;;;;;;;;;
DNB_radical_republic;The United States of Europe;;;;;;;;;;;;;
ABU_democracy;al-Hejer;;;;;;;;;;;;;
ABU_democracy_ADJ;Hejeri;;;;;;;;;;;;;
ABU_presidential_dictatorship;al-Hejer;;;;;;;;;;;;;
ABU_presidential_dictatorship_ADJ;Hejeri;;;;;;;;;;;;;
ABU_fascist_dictatorship;al-Hejer;;;;;;;;;;;;;
ABU_fascist_dictatorship_ADJ;Hejeri;;;;;;;;;;;;;
ABU_proletarian_dictatorship;Khaliji People's Republic;;;;;;;;;;;;;
ABU_proletarian_dictatorship_ADJ;Khaliji;;;;;;;;;;;;;
ABU;Abu Dhabi;;;;;;;;;;;;;
ABU_ADJ;Abu Dhabian;;;;;;;;;;;;;
ABU_absolute_empire;The United Arab Emirates;;;;;;;;;;;;;
ABU_semi_constitutional_empire;The United Arab Emirates;;;;;;;;;;;;;
ABU_constitutional_empire;The United Arab Emirates;;;;;;;;;;;;;
ABU_absolute_empire_ADJ;Emirati;;;;;;;;;;;;;
ABU_semi_constitutional_empire_ADJ;Emirati;;;;;;;;;;;;;
ABU_constitutional_empire_ADJ;Emirati;;;;;;;;;;;;;
ABU_colonial_company_4;The Trucial States;;;;;;;;;;;;;
ABU_colonial_company_4_ADJ;Trucial;;;;;;;;;;;;;
ABU_radical_republic;al-Hejer;;;;;;;;;;;;;
ABU_radical_republic_ADJ;Hejeri;;;;;;;;;;;;;
ETH_conservative;Atse-Mekwanint;Faction impériale;Imperialen Fraktion;;;;;;;;;;;
ETH_liberal;Arbegnoch;Faction de réforme;Verbesserung Fraktion;;;;;;;;;;;
ETH_reactionary;Mesafint-Balabat;Faction Ras;Ras Fraktion;;;;;;;;;;;
ETH_radical;Shiftinnet;Faction radicale;Die radikale Fraktion;;;;;;;;;;;
ETH_socialist;Seratenya Mahiberati Konfedereshini;Parti socialiste;Sozialistische Partei;;;;;;;;;;;
ETH_communist;Ye'Ityoppya Serategnoch Parti;Parti communiste;Kommunistische Partei;;;;;;;;;;;
ETH_fascist;Fano;Faction fasciste;Die faschistische Fraktion;;;;;;;;;;;
amhara_language_schooling_title;Amhara Schooling;;;;;;;;;;;;;
amhara_language_schooling_desc;If we are to truly become a modern nation with the strength to push against the world, we must unify our country culturally. From the sea through the highlands to the Oromo desert, all must learn and speak Amhara - no other language shall be permitted in official use and this policy will be enforced by means learned from the French and Japanese. Ethiopia is Amhara!;;;;;;;;;;;;;
oromo_language_schooling_title;Oromo Schooling;;;;;;;;;;;;;
oromo_language_schooling_desc;If we are to truly become a modern nation with the strength to push against the world, we must unify our country culturally. From the sea through the highlands to the Ogaden desert, all must learn and speak Oromo - no other language shall be permitted in official use and this policy will be enforced by means learned from the French and Japanese. Ethiopia is Oromo!;;;;;;;;;;;;;
CRI_conservative;Milliy Firqa (Oñ);Faction royale;Königsfraktion;;Facción real;;;;;;;;;
CRI_liberal;Milliy Firqa (Jadidi);Faction libérale;Die liberale Fraktion;;La facción liberal;;;;;;;;;
CRI_reactionary;Ulema Jemyeti;Faction nationaliste;Die nationalistische Fraktion;;La facción nacionalista;;;;;;;;;
CRI_radical;Taraqqiparvarlar;Faction radicale;Die radikale Fraktion;;La facción radical;;;;;;;;;
CRI_socialist;Milliy Firqa (Sol);Faction socialiste;Die sozialistische Fraktion;;La facción socialista;;;;;;;;;
CRI_communist;Socialist Firqa;Faction communiste;Die kommunistische Fraktion;;La facción comunista;;;;;;;;;
CRI_fascist;Ulug Ulus;Faction fasciste;Die faschistische Fraktion;;La facción fascista;;;;;;;;;
CRI_presidential_dictatorship;Crimean Regional Government;;;;;;;;;;;;;
cherokee_ultimate_insanity_title;Expand from Coast to Coast;;;;;;;;;;;;;
cherokee_ultimate_insanity_desc;Since the white man arrived in America, he pushed us constantly in our home, putting the seeds of division amongst us, dividing and conquering us whenever he got the opportunity. No more we, the owners of the Turtle Island, will be pushed by the outsiders as they see fit. The time has come to release the shackles of our brothers on the West Coast and unite ourselves as a single entity against the white man for the final crusade.;;;;;;;;;;;;;
proclaim_bulgarian_empire_title;Proclaim the Bulgarian Empire;;;;;;;;;;;;;
proclaim_bulgarian_empire_desc;After centuries of humiliation and yoke, the Ottomans have at last been expelled from Constantinople. The ripples that our triumphal reconquest creates shall be felt in every Orthodox household and in every palace of the Great Powers. Thus let us rightfully seize the moment and declare a new Christian empire in Constantinople - the Bulgarian Empire!;;;;;;;;;;;;;
ASY_conservative;Khoyada;;;;;;;;;;;;;
ASY_socialist;Gaba Shawtapaya Atouraya;;;;;;;;;;;;;
ASY_liberal;Mtakasta;;;;;;;;;;;;;
ASY_reactionary;Edta d-Madenha;;;;;;;;;;;;;
ASY_radical;Dawronoye;;;;;;;;;;;;;
ASY_fascist;Atranaya;;;;;;;;;;;;;
ASY_communist;Gaba Qomunistaya;;;;;;;;;;;;;
claim_lost_plc_lands_title;Reclaim the Lost Lands of the Commonwealth;;;;;;;;;;;;;
claim_lost_plc_lands_desc;§RGain 5 infamy§! The Commonwealth is again on the world map, and with that comes a new wave of irredentism. Prussia, Inflanty and the governorates of the east must be taken back from the greed of Berlin and the perfidy of Muscovy, lest they descend upon us like vultures again!;;;;;;;;;;;;;
claim_plc_ethnic_territories_title;Claim Ethnic Polish-Lithuanian Lands;;;;;;;;;;;;;
claim_plc_ethnic_territories_desc;§RGain 12 infamy§! As the Commonwealth enters a new era, so does our populace pick up its new ideas. Calls of nationalist Poles and Lithuanians mount to save our oppressed countrymen in Silesia and Lithuania Minor, who the Germans aim to turn into one of them through force. We must save them before it's too late!;;;;;;;;;;;;;
claim_plr_ethnic_territories_title;Claim Ethnic Ruthenian Lands;;;;;;;;;;;;;
claim_plr_ethnic_territories_desc;§RGain 8 infamy§! With the recognition of the Ruthenians as the third pillar of our Commonwealth, their culture has flourished. Many now clamor for the rescue of their brethren still under the boot of foreign powers - those in Smolensk, on the old Wild Fields and even across the Carpathians. Let us embrace these claims and show the powers that partition how strong we have gotten!;;;;;;;;;;;;;
poland_baltic_thingy_title;The Rights of the Livonians;;;;;;;;;;;;;
poland_baltic_thingy_desc;Livonia - that is Estonia, Inflanty and Courland - has been under Swedish and Russian control for the last two centuries, with both countries having marginalized the native peoples there. Our country, however, is a just and noble claimant to this land - and we shall prove it through granting equal rights to the people who inhabit it!;;;;;;;;;;;;;
become_poland_lithuania_ruthenia_title;The Polish-Lithuanian-Ruthenian Commonwealth;;;;;;;;;;;;;
become_poland_lithuania_ruthenia_desc;With the Commonwealth reborn from the grave, the Ruthenians once again live robbed of their full rights. Sympathizers in the government have proposed the creation of a third, Ruthenian territory, in which the locals will be free to govern themselves in their native tongue as equal peoples to the Poles and Lithuanians. Further proposed amendments of the constitution will cement their status as the newest integral part of our state, free of oppression. The reform pack will transform our Polish-Lithuanian Commonwealth into the Polish-Lithuanian-Ruthenian Commonwealth. Long live the new Commonwealth!;;;;;;;;;;;;;
POLONIA700_title;Triumph of the Commonwealth;;;;;;;;;;;;;
POLONIA700_desc;\n\nWith fire and sword have we brought deluge to our enemies - from Berlin in the west to Moscow in the east, from the Baltic in the north to the fire in the steppe of the south. Poles, Lithuanians and Ruthenians stand proudly in their liberated homeland and no foreign power can take it from them again. In a landmark conference held in London, the former partitioning powers have begrudgingly agreed to disavow their land grabs of 1772 onwards and to formally recognize the borders we held prior.§Y The feeling, however, is that the tide of nationalism will never fully allow the Germans to rescind their claims on the German-majority coast connecting Berlin to Prussia.§! But for now, we can say - we have not perished yet!;;;;;;;;;;;;;
CHA;Champa;Tchampa;Champa;Czampa;Champa;Champa;Champa;Champa;Champa;Champa;Shampã;Òÿìïà;Champa;
CHA_ADJ;Champan;du Tchampa;Champa-;Czampy;Champa;dei Champa;Champan;Champan;Champan;Champan;Champan;Òÿìïñê;Champan;
CHA_absolute_monarchy;Panduranga;;;;;;;;;;;;;
CHA_absolute_monarchy_ADJ;Pandurangan;;;;;;;;;;;;;
BOR_conservative_2;Royaliste;;;;;;;;;;;;;
EVT_bb_acc_title;Bourbon Acceptance;;;;;;;;;;;;;
EVT_bb_acc_desc;\n\nContrary to the popular saying that the Bourbons never forget and never learn, our dynasty has managed to learn from its past mistakes and has fully embraced the spirit of reformist progress. With the unprecedented liberty and social security we have offered to our people, coupled with the reduction of the royalty to a purely ceremonial status, many must admit that there is little anger to remain against the sons of Henri IV.;;;;;;;;;;;;;
EVT_bb_acc_opt;What have the Bourbons ever done for us?;;;;;;;;;;;;;
EVTDESC262636;\n\nAs_the_constitutional_convention_proceeds,_the_debate_has_now_fallen_to_the_level_of_democracy_in_our_country._Some_argue_for_extended_freedoms_-_others,_cautioned_by_the_split_between_the_Liberals_and_the_Conservatives,_propose_limited_measures._Some_go_even_as_far_as_demanding_the_abolishment_of_elections_or_the_end_of_the_Church._How_shall_we_proceed?;;;;;;;;;;;;;
EVTDESC262637;\n\nWith_such_a_monumental_civil_war_ended,_we_now_have_the_option_to_constitutionally_enshrine_a_new_national_value_and_pursue_it_across_the_land._Which_would_fit_our_future_the_best?;;;;;;;;;;;;;
EVTDESC262638;\n\nWith_our_emphasis_on_stability,_some_voices_have_suggested_crowning_a_monarch_to_transcend_the_fracturing_we_have_suffered._While_unusual_for_the_New_World_and_thus_with_opposition,_we_have_already_experienced_a_local_monarchy_under_Mexico_and_Brazil_has_opted_for_a_monarchy_as_well._What_would_be_the_best_course_of_action_for_our_future?;;;;;;;;;;;;;
generic_survived_modifier;Solidified Union;;;;;;;;;;;;;
generic_survived_modifier_desc;After managing to stay united as a single country, we can now start focusing on rebuilding, getting stronger and make use of the military experience acquired from these separatist revolts in order to become a stronger nation, as well as start pumping up our economic reforms in the short term.;;;;;;;;;;;;;
resistance_to_new_regime;Resistance to the New Regime;;;;;;;;;;;;;
resistance_to_new_regime_desc;Our people are voicing unrest at the recent changes in our national politics.;;;;;;;;;;;;;
UCA;Central America;;;;;;;;;;;;;
UCA_democracy;Central America;;;;;;;;;;;;;
UCA_proletarian_dictatorship;Centroamerica;;;;;;;;;;;;;
UCA_fascist_dictatorship;Centroamerica;FRCA;FRCA;;;;;;;;;;;
UCA_fascist_dictatorship_ADJ;Centroamerican;FRCA;FRCA;;;;;;;;;;;
UCA_presidential_dictatorship;Central America;;;;;;;;;;;;;
UCA_proletarian_dictatorship_ADJ;Centroamerican;;;;;;;;;;;;;
UCA_absolute_empire;The Centroamerican Empire;;;;;;;;;;;;;
UCA_absolute_empire_ADJ;Centroamerican;;;;;;;;;;;;;
UCA_semi_constitutional_empire;The Centroamerican Empire;;;;;;;;;;;;;
UCA_semi_constitutional_empire_ADJ;Centroamerican;;;;;;;;;;;;;
UCA_constitutional_empire;The Centroamerican Empire;;;;;;;;;;;;;
UCA_constitutional_empire_ADJ;Centroamerican;;;;;;;;;;;;;
GUA_absolute_empire;Empire of Guatemala;;;;;;;;;;;;;
GUA_semi_constitutional_empire;Empire of Guatemala;;;;;;;;;;;;;
GUA_constitutional_empire;Empire of Guatemala;;;;;;;;;;;;;
KOK_absolute_empire;The Ming Empire;;;;;;;;;;;;;
KOK_semi_constitutional_empire;The Ming Empire;;;;;;;;;;;;;
KOK_constitutional_empire;The Ming Empire;;;;;;;;;;;;;
KOK_absolute_empire_ADJ;Ming;;;;;;;;;;;;;
KOK_semi_constitutional_empire_ADJ;Ming;;;;;;;;;;;;;
KOK_constitutional_empire_ADJ;Ming;;;;;;;;;;;;;
BUK_absolute_empire;The Mangit Empire;;;;;;;;;;;;;
BUK_semi_constitutional_empire;The Mangit Empire;;;;;;;;;;;;;
BUK_constitutional_empire;The Mangit Empire;;;;;;;;;;;;;
BUK_absolute_empire_ADJ;Mangit;;;;;;;;;;;;;
BUK_semi_constitutional_empire_ADJ;Mangit;;;;;;;;;;;;;
BUK_constitutional_empire_ADJ;Mangit;;;;;;;;;;;;;
KHI_absolute_empire;The Qungrat Empire;;;;;;;;;;;;;
KHI_semi_constitutional_empire;The Qungrat Empire;;;;;;;;;;;;;
KHI_constitutional_empire;The Qungrat Empire;;;;;;;;;;;;;
KHI_absolute_empire_ADJ;Qungrat;;;;;;;;;;;;;
KHI_semi_constitutional_empire_ADJ;Qungrat;;;;;;;;;;;;;
KHI_constitutional_empire_ADJ;Qungrat;;;;;;;;;;;;;
KKP_absolute_empire;The Torani Empire;;;;;;;;;;;;;
KKP_semi_constitutional_empire;The Torani Empire;;;;;;;;;;;;;
KKP_constitutional_empire;The Torani Empire;;;;;;;;;;;;;
KKP_absolute_empire_ADJ;Torani;;;;;;;;;;;;;
KKP_semi_constitutional_empire_ADJ;Torani;;;;;;;;;;;;;
KKP_constitutional_empire_ADJ;Torani;;;;;;;;;;;;;
found_new_ca_empire_title;Found a New Empire in Central Asia;;;;;;;;;;;;;
found_new_ca_empire_desc;The Lion and the Bear wish to hunt on our land. Have they no shame as they gaze upon the cities of the Silk Road, the homes of philosophers and mathematicians? Have they no fear as they tread on the spirits of Genghis Khan and Amir Timur? Let them know that a new Ghazi arises - last of the Great Conquerors - the final Empire in Central Asia.;;;;;;;;;;;;;
EVTNAME700700;$COUNTRYNAME$;;;;;;;;;;;;;
EVTDESC700700;\n\nWith_a_great_feat_of_arms_we_have_established_our_new_empire._A_myriad_nations_bow_before_our_most_radiant_throne._We_now_stand_before_a_crossroads_-_a_crossroads_that_will_define_the_very_basis_of_our_empire.\n\nAre_we_content_with_being_a_strong_buffer_between_the_empires_of_Russia_and_Britain,_prioritizing_art_and_culture_before_conquest?_Or_shall_we_set_our_sights_towards_Persia:_to_establish_a_new_dynasty_there,_as_many_before_us_did?_Perhaps_it_would_be_more_prudent_to_instead_set_the_steppe_and_taiga_ablaze,_to_expel_the_Russians_back_to_Europe_and_restore_the_great_Sibir_to_its_natives?_Shall_we_even_perhaps_set_our_sights_to_liberate_the_Muslims_of_Hindustan_and_establish_a_new_dominion_there,_much_like_Babur_did?_Or_are_we_simply_conquerors_and_plunderers,_seeking_to_enrich_and_embellish_ourselves,_as_was_Tamerlane's_right?\n\nChoose_well,_o_Emperor,_for_your_choice_shall_resonate_around_the_world...;;;;;;;;;;;;;
EVT700700OPTA;A new renaissance is upon our people.;;;;;;;;;;;;;
EVT700700OPTB;I am Jamshid, I am Khosrow, I am Rostam and Fereydun.;;;;;;;;;;;;;
EVT700700OPTC;Genghis Khan is clearly listed in my family tree here.;;;;;;;;;;;;;
EVT700700OPTD;Babur, guide my sword against the perfidious!;;;;;;;;;;;;;
EVT700700OPTE;Oh Prophet, make war upon infidels and unbelievers, and treat them with severity...;;;;;;;;;;;;;
EVTNAME700701;To Whip the Bear;;;;;;;;;;;;;
EVTDESC700701;\n\nWe_have_chosen_to_eliminate_the_Russian_threat_to_Central_Asia_and_push_them_all_back_behind_the_Urals.\n\n§RWe_have_to_act_quickly,_as_in_about_thirty_years,_none_of_our_uncontrolled_claims_will_be_still_recognized_-_rather_laughed_at.§!;;;;;;;;;;;;;
EVTNAME700702;Twilight Over Siberia;;;;;;;;;;;;;
EVTDESC700702;\n\nTwo_generations_have_passed_and_the_pledge_of_our_founder_to_expel_the_Russians_out_of_Asia_has_dissipated.\n\n§RWhat_claims_we_have_not_taken_up_to_this_point_are_no_longer_recognized_as_valid.§!;;;;;;;;;;;;;
EVTNAME700703;The Conquest of Delhi;;;;;;;;;;;;;
EVTDESC700703;\n\nOh_Padishah,_oh_Ruler_of_the_World!_Our_rightly-guided_armies_have_seized_the_great_city_of_Delhi,_seat_of_the_former_Mughal_Empire._Shall_the_court_relocate_to_this_beating_heart_of_India?;;;;;;;;;;;;;
EVTNAME700704;The Conquest of Iran;;;;;;;;;;;;;
EVTDESC700704;\n\nIran_has_fallen_to_our_armies!_Its_splendor_is_now_yours_to_command,_oh_Shahanshah._Will_your_new_dynasty_settle_in_one_of_the_splendorous_cities_of_the_region?\n\n§RMake_sure_you_own_the_city_you_choose_or_your_administrators_will_get_a_great_headache!§!;;;;;;;;;;;;;
sart_renaissance;The Sart Renaissance;;;;;;;;;;;;;
sart_renaissance_desc;Culture and thought flourish under our new empire.;;;;;;;;;;;;;
KHI_conservative;Qo'ng'irotlar;;;;;;;;;;;;;;;;x;;;;
KHI_reactionary;Ulamo;;;;;;;;;;;;;;;;x;;;;
KHI_liberal;Ziyalilar;;;;;;;;;;;;;;;;x;;;;
KHI_radical;Inqilobchilar;;;;;;;;;;;;;;;;x;;;;
KHI_radical_1;Taraqqiparvarlar;;;;;;;;;;;;;;;;x;;;;
KHI_socialist;Yosh Xorazmliklar;;;;;;;;;;;;;;;;x;;;;
KHI_communist;Xorazm Kommunistlar;;;;;;;;;;;;;;;;x;;;;
KKP_conservative;To'ranilar;;;;;;;;;;;;;;;;x;;;;
KKP_reactionary;Ulamo;;;;;;;;;;;;;;;;x;;;;
KKP_liberal;Olako'zlar;;;;;;;;;;;;;;;;x;;;;
KKP_radical;Inqilobchilar;;;;;;;;;;;;;;;;x;;;;
KKP_radical_1;Taraqqiparvarlar;;;;;;;;;;;;;;;;x;;;;
KKP_socialist;Yosh Qoraqalpoqliklar;;;;;;;;;;;;;;;;x;;;;
KKP_communist;Qoraqalpoqlar Kommunistlar;;;;;;;;;;;;;;;;x;;;;
BUK_conservative;Mang'itlar;;;;;;;;;;;;;;;;x;;;;
BUK_reactionary;Ulamo;;;;;;;;;;;;;;;;x;;;;
BUK_liberal;Ziyalilar;;;;;;;;;;;;;;;;x;;;;
BUK_radical;Inqilobchilar;;;;;;;;;;;;;;;;x;;;;
BUK_radical_1;Taraqqiparvarlar;;;;;;;;;;;;;;;;x;;;;
BUK_socialist;Yosh Buxoroliklar;;;;;;;;;;;;;;;;x;;;;
BUK_communist;Buxoro Kommunistlar;;;;;;;;;;;;;;;;x;;;;
KOK_conservative;Minglar;;;;;;;;;;;;;;;;x;;;;
KOK_reactionary;Ulamo;;;;;;;;;;;;;;;;x;;;;
KOK_liberal;Ziyalilar;;;;;;;;;;;;;;;;x;;;;
KOK_radical;Inqilobchilar;;;;;;;;;;;;;;;;x;;;;
KOK_radical_1;Taraqqiparvarlar;;;;;;;;;;;;;;;;x;;;;
KOK_socialist;Yosh Qo'qonliklar;;;;;;;;;;;;;;;;x;;;;
KOK_communist;Qo'qon Kommunistlar;;;;;;;;;;;;;;;;x;;;;
TKS_conservative;An'anaviylar;;;;;;;;;;;;;;;;x;;;;
TKS_reactionary;Ulamo;;;;;;;;;;;;;;;;x;;;;
TKS_liberal;Ziyalilar;;;;;;;;;;;;;;;;x;;;;
TKS_radical;Taraqqiparvarlar;;;;;;;;;;;;;;;;x;;;;
TKS_socialist;Yosh Turklar;;;;;;;;;;;;;;;;x;;;;
TKS_communist;Turk Kommunistlar;;;;;;;;;;;;;;;;x;;;;
KOK_democracy;Turkestan;;;;;;;;;;;;;
KOK_prov_gov_liberal;Turkestan Autonomy;;;;;;;;;;;;;
KOK_fascist_dictatorship;Turkestan;;;;;;;;;;;;;
KOK_presidential_dictatorship;Turkestan;;;;;;;;;;;;;
KOK_proletarian_dictatorship;Turkestan;;;;;;;;;;;;;
KOK_fascist_dictatorship_ADJ;Turki;;;;;;;;;;;;;
KOK_democracy_ADJ;Turki;;;;;;;;;;;;;
KOK_presidential_dictatorship_ADJ;Turki;;;;;;;;;;;;;
KOK_proletarian_dictatorship_ADJ;Turki;;;;;;;;;;;;;
DRV;Darvaz;;;;;;;;;;;;;
DRV_ADJ;Darvazi;;;;;;;;;;;;;
DRV_democracy;Tajikistan;;;;;;;;;;;;;
DRV_radical_republic;Tajikistan;;;;;;;;;;;;;
DRV_radical_republic_ADJ;Tajikistan;;;;;;;;;;;;;
DRV_fascist_dictatorship;Tajikistan;;;;;;;;;;;;;
DRV_presidential_dictatorship;Tajikistan;;;;;;;;;;;;;
DRV_proletarian_dictatorship;Tajikistan;;;;;;;;;;;;;
DRV_fascist_dictatorship_ADJ;Tajik;;;;;;;;;;;;;
DRV_democracy_ADJ;Tajik;;;;;;;;;;;;;
DRV_presidential_dictatorship_ADJ;Tajik;;;;;;;;;;;;;
DRV_proletarian_dictatorship_ADJ;Tajik;;;;;;;;;;;;;
DRV_absolute_empire;The Iskandarid Empire;;;;;;;;;;;;;
DRV_semi_constitutional_empire;The Iskandarid Empire;;;;;;;;;;;;;
DRV_constitutional_empire;The Iskandarid Empire;;;;;;;;;;;;;
DRV_absolute_empire_ADJ;Iskandarid;;;;;;;;;;;;;
DRV_semi_constitutional_empire_ADJ;Iskandarid;;;;;;;;;;;;;
DRV_constitutional_empire_ADJ;Iskandarid;;;;;;;;;;;;;
ca_slapping_siberia;Claims over Siberia;;;;;;;;;;;;;
ca_slapping_siberia_desc;Our resolve to push the Russians back beyond the Urals is still respected.;;;;;;;;;;;;;
KUN_absolute_empire;The Qataghan Empire;;;;;;;;;;;;;
KUN_semi_constitutional_empire;The Qataghan Empire;;;;;;;;;;;;;
KUN_constitutional_empire;The Qataghan Empire;;;;;;;;;;;;;
KUN_absolute_empire_ADJ;Qataghan;;;;;;;;;;;;;
KUN_semi_constitutional_empire_ADJ;Qataghan;;;;;;;;;;;;;
KUN_constitutional_empire_ADJ;Qataghan;;;;;;;;;;;;;
KUN_conservative;Qataghanlar;;;;;;;;;;;;;
SSB_absolute_empire;The Keneges Empire;;;;;;;;;;;;;
SSB_semi_constitutional_empire;The Keneges Empire;;;;;;;;;;;;;
SSB_constitutional_empire;The Keneges Empire;;;;;;;;;;;;;
SSB_absolute_empire_ADJ;Keneges;;;;;;;;;;;;;
SSB_semi_constitutional_empire_ADJ;Keneges;;;;;;;;;;;;;
SSB_constitutional_empire_ADJ;Keneges;;;;;;;;;;;;;
SSB_conservative;Kenegeslar;;;;;;;;;;;;;
mughal_zindabad_title;Victory over the British;;;;;;;;;;;;;
mughal_zindabad_desc;The Sepoys have been victorious and the British are now powerless to hold onto India. Let us send them a formal message demanding their official withdrawal from the subcontinent.;;;;;;;;;;;;;
AFG_conservative;Loya Jirga;;;;;;;;;;;;;
AFG_liberal;Westernizers;Faction Pashah;Pascha-Fraktion;;Facción Bajá;;;;;;;;;
AFG_liberal_2;Young Afghan Party;Faction Pashah;Pascha-Fraktion;;Facción Bajá;;;;;;;;;
AFG_reactionary;Traditionalists;Faction nationaliste;Die nationalistische Fraktion;;La facción nacionalista;;;;;;;;;
AFG_radical;Constitutionalists;Faction radicale;Die radikale Fraktion;;La facción radical;;;;;;;;;
AFG_socialist;Parcham;Faction socialiste;Die sozialistische Fraktion;;La facción socialista;;;;;;;;;
AFG_communist;Khalq;Faction communiste;Die kommunistische Fraktion;;La facción comunista;;;;;;;;;
AFG_fascist;Afgan Mellat Gund;Faction fasciste;Die faschistische Fraktion;;La facción fascista;;;;;;;;;
BDK_absolute_empire;The Yarid Empire;;;;;;;;;;;;;
BDK_semi_constitutional_empire;The Yarid Empire;;;;;;;;;;;;;
BDK_constitutional_empire;The Yarid Empire;;;;;;;;;;;;;
BDK_absolute_empire_ADJ;Yarid;;;;;;;;;;;;;
BDK_semi_constitutional_empire_ADJ;Yarid;;;;;;;;;;;;;
BDK_constitutional_empire_ADJ;Yarid;;;;;;;;;;;;;
BDK_conservative;Yarlar;;;;;;;;;;;;;
KAZ_proletarian_dictatorship;Kazakhstan;RSS Kazakhstan;SSR Kasachstan;SSR Kazachstan;SSR Kazajstán;RSS Kazaca;SSR Kazahsztán;SSR Kazachstán;SSR Kazahsztán;SSR Kazachstan;SSR Cazaquistão;ÑÑÐ Êàçàõñòàí;SSR Kazakstan;
KAZ_absolute_empire;The Kazakh Khanate;;;;;;;;;;;;;
KAZ_semi_constitutional_empire;The Kazakh Khanate;;;;;;;;;;;;;
KAZ_constitutional_empire;The Kazakh Khanate;;;;;;;;;;;;;
KAZ_absolute_empire_ADJ;Kazakh;;;;;;;;;;;;;
KAZ_semi_constitutional_empire_ADJ;Kazakh;;;;;;;;;;;;;
KAZ_constitutional_empire_ADJ;Kazakh;;;;;;;;;;;;;
BKY_absolute_monarchy;The Junior Juz;;;;;;;;;;;;;
BKY_prussian_constitutionalism;The Junior Juz;;;;;;;;;;;;;
BKY_hms_government;The Junior Juz;;;;;;;;;;;;;
BKY_absolute_monarchy_ADJ;Junior Kazakh;;;;;;;;;;;;;
BKY_prussian_constitutionalism_ADJ;Junior Kazakh;;;;;;;;;;;;;
BKY_hms_government_ADJ;Junior Kazakh;;;;;;;;;;;;;
KAZ_liberal;Taraqqiparvarlar;Faction libérale;Die liberale Fraktion;;;;;;;;;;;
KAZ_liberal_2;Alash Partiasy;Faction libérale;Die liberale Fraktion;;;;;;;;;;;
KAZ_reactionary;Qadimlar;Faction nationaliste;Die nationalistische Fraktion;;;;;;;;;;;
KAZ_radical;Jas Azamat;Faction radicale;Die radikale Fraktion;;;;;;;;;;;
KAZ_socialist;Ush Jüz;Faction socialiste;Die sozialistische Fraktion;;;;;;;;;;;
KAZ_communist;Jas Qazaq;Faction communiste;Die kommunistische Fraktion;;;;;;;;;;;
KAZ_fascist;Alash Militsiyatsy;Faction fasciste;Die faschistische Fraktion;;;;;;;;;;;
KAZ_radical_republic;The Alash Republic;;;;;;;;;;;;;
KAZ_radical_republic_ADJ;Alash;;;;;;;;;;;;;
EVTNAME800;The Official Russian Flag;;;;;;;;;;;;;
EVTDESC800;\n\nYour_Majesty,_times_are_changing_and_our_Empire_now_has_the_need_for_not_only_personal_banners_and_merchant_flags,_but_also_an_official_state_flag._Bernhard_Karl_von_Koehne,_the_head_of_the_Heraldry_Department_of_the_Governing_Senate,_proposes_a_black-gold-white_flag_derived_from_the_Imperial_Coat_of_Arms._Another_option_would_be_to_officialize_the_de_facto_used_white-blue-red_civil_ensign._Which_option_would_Your_Majesty_prefer?;;;;;;;;;;;;;
EVT800OPTA;Sign the decree on the new heraldic flag.;;;;;;;;;;;;;
EVT800OPTB;Sign the decree on the old civil ensign.;;;;;;;;;;;;;
EVTNAME801;Amendment to the Flag Decree;;;;;;;;;;;;;
EVTDESC801;\n\nThe_black-yellow-white_flag_existed_as_an_official_flag_for_almost_25_years_-_however,_on_28_April_1883,_the_edict_"On_flags_for_decorating_buildings_in_solemnities"_was_issued._It_allowed_to_use_only_white-blue-red_flags_to_decorate_buildings._Shall_we_expand_this_edict_to_make_the_white-blue-red_flag_the_official_flag_of_Russia_again?;;;;;;;;;;;;;
EVT801OPTA;Let us use white-blue-red.;;;;;;;;;;;;;
EVT801OPTB;Keep the current flag.;;;;;;;;;;;;;
EVTNAME802;Imperial Flag in Disuse;;;;;;;;;;;;;
EVTDESC802;\n\nThe_heraldic_or_black-gold-white_imperial_flag_has_never_enjoyed_much_popularity,_yet_murky_legislation_ensures_it_still_flies_on_certain_places._Upcoming_grand_festivities_this_year_give_us_the_opportunity_to_finally_settle_this_issue_and_completely_settle_on_a_flag_that_will_surely_never_change.;;;;;;;;;;;;;
EVT802OPTA;White, blue and red will be fully used again.;;;;;;;;;;;;;
EVT802OPTB;Unshakably decree the usage of the heraldic flag!;;;;;;;;;;;;;
BOE;Latin Confederation;;;;;;;;;;;;;
BOE_ADJ;Latin;;;;;;;;;;;;;
BOE_absolute_empire;Bourbon Empire;;;;;;;;;;;;;
BOE_semi_constitutional_empire;Bourbon Empire;;;;;;;;;;;;;
BOE_constitutional_empire;Bourbon Empire;;;;;;;;;;;;;
BOE_absolute_empire_ADJ;Bourbon;;;;;;;;;;;;;
BOE_semi_constitutional_empire_ADJ;Bourbon;;;;;;;;;;;;;
BOE_constitutional_empire_ADJ;Bourbon;;;;;;;;;;;;;
BOE_presidential_dictatorship;Latin Confederation;;;;;;;;;;;;;
BOE_presidential_dictatorship_ADJ;Latin;;;;;;;;;;;;;
BOE_radical_republic;State and People of Rome;;;;;;;;;;;;;
BOE_radical_republic_ADJ;Latin;;;;;;;;;;;;;
BOE_democracy;Latin Confederation;;;;;;;;;;;;;
BOE_democracy_ADJ;Latin;;;;;;;;;;;;;
BOE_proletarian_dictatorship;United Latin Proletariat;;;;;;;;;;;;;
BOE_proletarian_dictatorship_ADJ;Latin;;;;;;;;;;;;;
BOE_fascist_dictatorship;Latin Corporate State;;;;;;;;;;;;;
BOE_fascist_dictatorship_ADJ;Latin;;;;;;;;;;;;;
EVT807DESC;\n\nWilliam III, King of the Netherlands and Grand Duke of Luxemburg has died today at the age of 73. The king was a man of immense stature and with a boisterous voice. He could be gentle and kind, then suddenly he could become intimidating and even violent. An autocrat at heart, he was inclined to terrorize and humiliate his courtiers and was cruel to animals as well. Most people around him agreed that he was, to some degree, insane.\n\nAll of the late king's sons have preceded him to the grave. The succession laws were thus changed three years ago and now his underage daughter Wilhelmina succeeds to the throne in a regency. However, Luxemburg does not permit female succession. Adolf of Nassau-Weilburg, the closest male relative, now becomes the Grand Duke of an independent Luxemburg.;;;;;;;;;;;;;
ITA_colonial_company;Italien;;;;;;;;;;;;;
ITA_colonial_company_2;Italie;;;;;;;;;;;;;
MAN;New York;Manhattanien;Manhattanisch;;Manhattanita;;;;;;;;;
MAN_ADJ;New Yorker;Manhattanien;Manhattanisch;;Manhattanita;;;;;;;;;
MAN_absolute_monarchy;Hudsonia;Manhattanien;Manhattanisch;;Manhattanita;;;;;;;;;
MAN_absolute_monarchy_ADJ;Hudsonian;Manhattanien;Manhattanisch;;Manhattanita;;;;;;;;;
MAN_prussian_constitutionalism;Hudsonia;Manhattanien;Manhattanisch;;Manhattanita;;;;;;;;;
MAN_prussian_constitutionalism_ADJ;Hudsonian;Manhattanien;Manhattanisch;;Manhattanita;;;;;;;;;
MAN_hms_government;Hudsonia;Manhattanien;Manhattanisch;;Manhattanita;;;;;;;;;
MAN_hms_government_ADJ;Hudsonian;Manhattanien;Manhattanisch;;Manhattanita;;;;;;;;;
MAN_proletarian_dictatorship;Lenapehoking;;;;;;;;;;;;;
MAN_proletarian_dictatorship_ADJ;Lenapehoking;;;;;;;;;;;;;
FSA_absolute_monarchy;Kingdom of the Yankees;;;;;;;;;;;;;
FSA_prussian_constitutionalism;Kingdom of the Yankees;;;;;;;;;;;;;
FSA_hms_government;Kingdom of the Yankees;;;;;;;;;;;;;
FSA_absolute_monarchy_ADJ;Yankee;;;;;;;;;;;;;
FSA_prussian_constitutionalism_ADJ;Yankee;;;;;;;;;;;;;
FSA_hms_government_ADJ;Yankee;;;;;;;;;;;;;
SVY;Piedmont;;;;;;;;;;;;;
SVY_ADJ;Piedmontese;;;;;;;;;;;;;
SVY_absolute_monarchy;Savoy-Piedmont;Manhattanien;Manhattanisch;;Manhattanita;;;;;;;;;
SVY_prussian_constitutionalism;Savoy-Piedmont;Manhattanien;Manhattanisch;;Manhattanita;;;;;;;;;
SVY_hms_government;Savoy-Piedmont;Manhattanien;Manhattanisch;;Manhattanita;;;;;;;;;
YUG_fascist;Jugoslavenska Radikalna Zajednica;;;;;;;;;;;;;
TUS_absolute_empire;Etruria;;;;;;;;;;;;;
TUS_semi_constitutional_empire;Etruria;;;;;;;;;;;;;
TUS_constitutional_empire;Etruria;;;;;;;;;;;;;
PAR_absolute_monarchy;Parma-Piacenza;Manhattanien;Manhattanisch;;Manhattanita;;;;;;;;;
PAR_prussian_constitutionalism;Parma-Piacenza;Manhattanien;Manhattanisch;;Manhattanita;;;;;;;;;
PAR_hms_government;Parma-Piacenza;Manhattanien;Manhattanisch;;Manhattanita;;;;;;;;;
PAR_absolute_empire;Parma-Piacenza;;;;;;;;;;;;;
PAR_semi_constitutional_empire;Parma-Piacenza;;;;;;;;;;;;;
PAR_constitutional_empire;Parma-Piacenza;;;;;;;;;;;;;
EVTNAME810;Death of Marie Louise;;;;;;;;;;;;;
EVTDESC810;\n\nMarie_Louise_of_the_house_of_Habsburg-Lorraine,_duchess_of_Parma,_Piacenza_and_Guastalla,_former_wife_of_Napoleon_Bonaparte_and_the_mother_of_his_only_legitimate_son,_has_died_at_the_age_of_56_of_pleurisy._Charles_II_of_Bourbon-Parma,_duke_of_Lucca_and_previously_the_king_of_the_Napoleonic_client_kingdom_of_Etruria,_has_now_very_reluctantly_accepted_the_inheritance_of_the_late_Empress._It_is_expected_that_he_will_abdicate_once_he_has_secured_the_duchy_for_his_heirs.\n\nThe_accession_of_the_house_of_Bourbon-Parma_provides_a_prudent_opportunity_to_change_the_flag_of_our_duchy_and_make_us_more_recognizable._The_newly_proposed_flag_is_attached_to_the_top_of_this_document._Shall_we_proceed_with_the_change_or_not?;;;;;;;;;;;;;
EVT810OPTA;What a spin on flag design!;;;;;;;;;;;;;
EVT810OPTB;That flag looks too radical! Denied, arrested, executed!;;;;;;;;;;;;;
MOD_absolute_monarchy;Modena-Reggio;Manhattanien;Manhattanisch;;Manhattanita;;;;;;;;;
MOD_prussian_constitutionalism;Modena-Reggio;Manhattanien;Manhattanisch;;Manhattanita;;;;;;;;;
MOD_hms_government;Modena-Reggio;Manhattanien;Manhattanisch;;Manhattanita;;;;;;;;;
MOD_absolute_empire;Modena-Reggio;;;;;;;;;;;;;
MOD_semi_constitutional_empire;Modena-Reggio;;;;;;;;;;;;;
MOD_constitutional_empire;Modena-Reggio;;;;;;;;;;;;;
GER_liberal_2;Nationalliberale;Nationalliberale ;Nationalliberale ;;Nationalliberale ;;;;;;;;;
GER_conservative_3;Freikonservative Partei;;;;;;;;;;;;;
GER_reactionary_2;Deutschkonservative Partei;Nationale Partei;Nationale Partei;;Nationale Partei;;;;;;;;;
SLU;The Slavic Union;;;;;;;;;;;;;
SLU_proletarian_dictatorship;The Slavic Commune;;;;;;;;;;;;;
SLU_presidential_dictatorship;The Slavic Republic;;;;;;;;;;;;;
SLU_radical_republic;Republic of the Slavs;;;;;;;;;;;;;
SLU_fascist_dictatorship;The Great Slavic National State;;;;;;;;;;;;;
SLU_theocracy;The Patriarchate of All Slavs and the Prince-Bishopric of Montenegro;;;;;;;;;;;;;
SLU_absolute_monarchy;The Slavic Empire;Manhattanien;Manhattanisch;;Manhattanita;;;;;;;;;
SLU_prussian_constitutionalism;The Slavic Empire;Manhattanien;Manhattanisch;;Manhattanita;;;;;;;;;
SLU_hms_government;The Slavic Empire;Manhattanien;Manhattanisch;;Manhattanita;;;;;;;;;
SLU_absolute_empire;The Slavic Empire;;;;;;;;;;;;;
SLU_semi_constitutional_empire;The Slavic Empire;;;;;;;;;;;;;
SLU_constitutional_empire;The Slavic Empire;;;;;;;;;;;;;
SLU_ADJ;Slavic;;;;;;;;;;;;;
SLU_theocracy_ADJ;Slavo-Montenegrin;;;;;;;;;;;;;
SLU_conservative;Šturovites;;;;;;;;;;;;;
SLU_conservative_1;Slavic Christian Union;;;;;;;;;;;;;
SLU_liberal;Palackites;;;;;;;;;;;;;
SLU_liberal_1;Constitutional Democratic Party;;;;;;;;;;;;;
SLU_reactionary;Slavophiles;;;;;;;;;;;;;
SLU_reactionary_1;All-Slavic Black Veche;;;;;;;;;;;;;
SLU_radical;Sabinites;;;;;;;;;;;;;
SLU_radical_1;National Revolutionary Congress;;;;;;;;;;;;;
SLU_socialist_1;Socialist Revolutionary Party;;;;;;;;;;;;;
SLU_socialist_2;Labour Party;;;;;;;;;;;;;
SLU_communist;Communist Party;;;;;;;;;;;;;
SLU_fascist;All-Slavic National Radical Party;;;;;;;;;;;;;
miskito_nationalists_spawned_title;Greater Mosquitia;;;;;;;;;;;;;
miskito_nationalists_spawned_desc;The Europeans like to "claim" that "land" is theirs. Most curious! We shall embrace this concept to fit in with the rest of the civilized countries. Mosquitia's natural borders shall be, say... from here to here? Fetch me a pencil posthaste, my good sir! And the good parchment!;;;;;;;;;;;;;
EVTDESC811;\n\nAs_we_have_now_found_ourselves_at_war_with_the_English,_the_continued_use_of_the_Union_Jack_on_our_flag_has_given_way_to_impracticalities_of_combat_as_well_as_public_opposition._An_official_change_to_our_flag_is_now_simply_a_necessity.;;;;;;;;;;;;;
EVTNAME811;Ordinance on the National Flag;;;;;;;;;;;;;
EVTDESC811;\n\nWith_the_recent_unification_of_Italy,_confusion_is_abound_regarding_the_national_flag._Some_are_seen_flying_Savoyard_banners_and_a_foreign_match_company_has_even_printed_them_on_their_boxes_as_our_official_flag!_We_should_make_it_clear_that_we_have_but_one_flag_of_Italy:_it_is_the_one_with_our_ancient_and_complex_dynastic_achievements_right_in_the_middle.;;;;;;;;;;;;;
EVT811OPTA;Sign it!;;;;;;;;;;;;;
EVTNAME812;A New Flag?;;;;;;;;;;;;;
EVTDESC812;\n\nThe_current_international_situation_of_Hawai'i_has_made_the_similarity_of_our_flag_to_that_of_Britain_a_problem_of_increasing_proportions._Advisors_suggest_that_it_would_be_prudent_if_we_avoided_any_future_faux_pas_by_adopting_the_personal_flag_of_Your_Majesty_as_the_state_flag_of_our_kingdom,_Union_Jack_gone.;;;;;;;;;;;;;
EVT812OPTA;It only makes sense.;;;;;;;;;;;;;
EVT812OPTB;No, Britain should change!;;;;;;;;;;;;;
EVTDESC640;\n\nThe_Serbs_of_Vojvodina_have_successfully_campaigned_against_the_treasonous_Hungarians_and_now_stand_at_peace._Despite_their_apparent_loyalty_to_our_most_illustrious_house,_perhaps_it_would_still_be_prudent_to_quickly_reintegrate_them_before_they_decide_to_join_Serbia_down_south...;;;;;;;;;;;;;
EVTDESC641;\n\nAfter_our_victory_against_the_Hungarians,_the_Austrians_now_seek_to_regain_control_over_Vojvodina._We_did,_in_fact,_fight_more_or_less_in_the_name_of_the_emperor_who_now_promises_us_our_own_crownland,_but_perhaps_unification_with_Serbia_would_be_preferable_regardless...;;;;;;;;;;;;;
ENG_absolute_empire;Great Britain;;;;;;;;;;;;;
ENG_semi_constitutional_empire;Great Britain;;;;;;;;;;;;;
ENG_constitutional_empire;Great Britain;;;;;;;;;;;;;
ENL_absolute_empire;England-Wales;;;;;;;;;;;;;
ENL_semi_constitutional_empire;England-Wales;;;;;;;;;;;;;
ENL_constitutional_empire;England-Wales;;;;;;;;;;;;;
form_england_wales_title;The Anglo-Welsh Compromise;;;;;;;;;;;;;
form_england_wales_desc;As our power has been greatly diminished, growing voices now clamour for the independence of Wales to further our demise. A disaster of such proportions would leave fair old England in a most rumpuous position, a laughing stock of Europe, far behind even the dreadful Hibernian. To regain momentum, perhaps it would be prudent to call upon the glory of the Tudors and the majesty of Arthur - to find a compromise and create a new United Kingdom: that of England and Wales.;;;;;;;;;;;;;
proclaim_bulgarian_empire_title;Restore Constantinople;;;;;;;;;;;;;
proclaim_bulgarian_empire_desc;Since 1453, the Turks have defiled the greatest Orthodox city, enslaved our brethren and forced the Patriarch to do the bidding of their Sultan. No more! As $COUNTRY_ADJ$ soldiers triumphantly enter the heart of Rome in the East, there is but one thing to do: proclaim a new empire in the name Christ Pantokrator.;;;;;;;;;;;;;
TCA_conservative;Conservative Party;;;;;;;;;;;;;
TCA_liberal;Democratic Party;;;;;;;;;;;;;
TCA_reactionary;Traditionalist Party;;;;;;;;;;;;;
TCA_radical;Republican Party;;;;;;;;;;;;;
TCA_socialist;Social Democratic Party;;;;;;;;;;;;;
TCA_communist;Communist Party;;;;;;;;;;;;;
TCA_fascist;Iron Wolves;;;;;;;;;;;;;
NRB_absolute_monarchy;Nieuwe Koningrijk;;;;;;;;;;;;;
NRB_prussian_constitutionalism;Nieuwe Koningrijk;;;;;;;;;;;;;
NRB_hms_government;Nieuwe Koningrijk;;;;;;;;;;;;;
SOV_fascist_dictatorship;The All-Russian State;;;;;;;;;;;;;
SOV_absolute_monarchy;The Russian Empire;;;;;;;;;;;;;
SOV_prussian_constitutionalism;The Russian Empire;;;;;;;;;;;;;
SOV_hms_government;The Russian Empire;;;;;;;;;;;;;
SOV_absolute_empire;The Russian Empire;;;;;;;;;;;;;
SOV_semi_constitutional_empire;The Russian Empire;;;;;;;;;;;;;
SOV_constitutional_empire;The Russian Empire;;;;;;;;;;;;;
SOV_democracy;The Russian Republic;;;;;;;;;;;;;
SOV_presidential_dictatorship;Russia;;;;;;;;;;;;;
SOV_ADJ;Russian;;;;;;;;;;;;;
UBD_absolute_empire;Livonia;;;;;;;;;;;;;
UBD_semi_constitutional_empire;Livonia;;;;;;;;;;;;;
UBD_constitutional_empire;Livonia;;;;;;;;;;;;;
UBD_democracy;The Baltic Republic;;;;;;;;;;;;;
UBD_presidential_dictatorship;The Baltic State;;;;;;;;;;;;;
UBD_radical_republic;The Livonian Republic;;;;;;;;;;;;;
UBD_fascist_dictatorship;Aestia;;;;;;;;;;;;;
UBD_absolute_monarchy;The United Baltic Duchy;;;;;;;;;;;;;
UBD_prussian_constitutionalism;The United Baltic Duchy;;;;;;;;;;;;;
UBD_hms_government;The United Baltic Duchy;;;;;;;;;;;;;
UBD_prov_gov_conservative;The Baltic Provinces;;;;;;;;;;;;;
UBD_strenghten_governorship_title;Strengthen Our Governorship;;;;;;;;;;;;;
UBD_strenghten_governorship_desc;Estabilished after the Greater Northern War, the three Baltic governorates - Livonia, Estland and Courland, after years of Russian rule, have shared the same governor since 1800, despite technically still being separate. If we were able to project enough power in our governorates, we might be able to de facto control all of them, despite the reality on paper being different. But who knows? Perhaps the Tsar would be partial to allow this fait accompli...;;;;;;;;;;;;;
EVTNAME31500002;Baltic Governor strengthens Power;;;;;;;;;;;;;
EVTDESC31500002;\n\nAdquired_after_the_Great_Northern_War_and_Partition_of_Poland,_the_three_Baltic_governorates_-_Livonia,_Estland_and_Courland,_despite_technically_being_separate,_have_shared_the_same_governor_since_1800._It_seems_that_the_current_governor_has_managed_to_assert_his_authority_enough_that_any_divisions_remain_but_on_paper._Now,_he_is_requested_that_the_administration_of_his_governorships_be_reformed_and_unified_into_a_single_entity._While_this_would_allow_them_to_better_administer_the_region,_we_are_advised_that_it_could_be_dangerous_to_allow_this_show_of_ambition_to_succeed,_especially_if_we_were_to_try_to_russify_and_integrate_the_region_in_the_future._Do_we_allow_the_governorates_to_be_merged_into_one_entity,_or_do_we_replace_the_governor_with_a_less_ambitious_man?;;;;;;;;;;;;;
EVTNAME31500003;The Baltic German Plea For Help;;;;;;;;;;;;;
EVTDESC31500003;\n\nAn_envoy_has_arrived_from_Riga_under_mundane_pretext_-_in_reality_bearing_a_serious_message._It_would_seem_that,_with_our_ascendency_in_the_world_stage,_the_Russians_fear_that_if_their_loyalty_was_tested,_the_Baltic_Germans_would_turn_their_loyalty_to_a_German_invader_rather_than_their_Russian_overlords._Now_they_are_consering_to_end_the_Ostsee_Rights,_close_the_German_Landtags_and_directly_incorporate_the_Baltic_Governorates,_perhaps_even_to_subject_them_to_Russification._The_envoy_asks_for_help_-_for_the_Germans_to_protect_their_own_shall_Russia_try_to_deprive_them_of_their_rights._A_secret_treaty_can_be_drafted..._What_is_our_response?;;;;;;;;;;;;;
UBD_secret_treaty_title;Secret Treaty with the Germans;;;;;;;;;;;;;
UBD_secret_treaty_desc;It is becoming more and more probable that the Tsar will decide to abolish our governorate and administrate us directly. In such an event, we would be nigh powerless to resist the Russian onslaught. Our only hope would be to sign a secret treaty with our German brothers in Berlin - that they would come defend us from Russian aggression. We cannot let ourselves become lost!;;;;;;;;;;;;;
EVTDESC31500006;\n\nThe_Russians_have_decreed_our_governorate_forfeit_-_the_lands_are_henceforth_to_be_administered_directly_as_a_part_of_Russia._We_may_accept_-_or_we_may_resist...;;;;;;;;;;;;;
EVTDESC31500008;\n\nThe_arrogant_Balts_led_by_their_treacherous_German_landowners_have,_upon_hearing_news_of_our_proclamation_of_integration,_declared_independence,_capturing_Russian_officials_and_taken_control_over_the_Baltic_Provinces!;;;;;;;;;;;;;
EVTDESC31500009;\n\nPer_the_secret_treaty_we_have_signed_with_the_Baltic_Germans,_they_now_ask_for_our_help_against_the_Russians,_with_Russian_officials_being_captured_by_German_and_Baltic_militias,_as_skirmishes_already_mark_the_beginning_the_Baltic_fight_for_independence!_Shall_we_honor_the_treaty?;;;;;;;;;;;;;
EVTDESC31500010;\n\nDire_news!_Apparently,_our_worst_fears_have_proven_true!_The_Baltic_government_has_signed_a_secret_defense_treaty_with_Berlin_against_us_-_and_now_German_troops_march_east_to_protect_their_Baltic_brethen!;;;;;;;;;;;;;
EVTDESC31500012;\n\nAs_the_dust_settles,_we_begin_to_transition_our_provisional_government_to_a_more_permanent_one._For_quite_some_time_now,_there_have_been_debates_in_Riga_about_the_future_of_our_nation_and_there_even_envoys_from_Germany_going_around_and_helping_decide_on_what_would_be_best_for_the_Baltic._Today,_the_most_proeminent_figures_of_the_Baltic_Provinces_gather_in_Riga_to_finally_decide_upon_how_will_be_governed_from_now_on._First,_we_could_crown_a_monarch,_the_Grand-Duke_of_Mecklenburg-Schwerin_and_representative_of_the_German_entourage_as_our_new_head_of_state._We_could_also_opt_to_empower_the_local_Landtags_while_having_no_monarch,_becoming_something_of_an_eastern_Switzerland._Finally,_our_generals_would_be_willing_to_help_solidify_our_new_country_-_temporarily,_of_course._We_shall_decide_soon,_as_the_crowd_outside_grows_more_and_more_unruly_by_the_day,_with_talks_of_curtailing_German_influence_turning_into_a_threat_our_government.;;;;;;;;;;;;;
UBD_colonial_company_4;Riga;;;;;;;;;;;;;
WUR;Württemberg;;;;;;;;;
LUB;Lübeck;;;;;;;;;
LSK_reactionary_company;Orthodox Church;;;;;;;;;;;;;
LSK_conservative_company;Company Rule;;;;;;;;;;;;;
LSK_liberal_company;Petersburg Shareholders;;;;;;;;;;;;;
LSK_radical_company;Promyshlenniki;;;;;;;;;;;;;
LIE_democracy;Oberrhein;;;;;;;;;;;;;
LIE_democracy_ADJ;Oberrhenish;;;;;;;;;;;;;
LIE_presidential_dictatorship;Oberrhein;;;;;;;;;;;;;
LIE_presidential_dictatorship_ADJ;Oberrhenish;;;;;;;;;;;;;
LIE_proletarian_dictatorship;Rhaetikon Commune;;;;;;;;;;;;;
LIE_proletarian_dictatorship_ADJ;Rhaetikonian;;;;;;;;;;;;;
LIE_radical_republic;The Rhaetian Republic;;;;;;;;;;;;;
LIE_radical_republic_ADJ;Rhaetian;;;;;;;;;;;;;
LIE_liberal;Liberalen;;;;;;;;;;;;;
LIE_liberal_2;Christlich-Soziale Volkspartei;;;;;;;;;;;;;
LIE_reactionary;Ultrakonservativen;;;;;;;;;;;;;
LIE_conservative;Konservativen;;;;;;;;;;;;;
LIE_conservative_2;Fortschrittliche Bürgerpartei;;;;;;;;;;;;;
LIE_socialist;Arbeiterverband;;;;;;;;;;;;;
LIE_radical;Revolutionsverein;;;;;;;;;;;;;
LIE_communist;Arbeiterpartei;;;;;;;;;;;;;
LIE_fascist;Volksdeutsche Bewegung;;;;;;;;;;;;;
GEO_radical_republic;The Kartvelian Republic;;;;;;;;;;;;;
ABK_reactionary;Sharvashidze;;;;;;;;;;;;;
MIG_reactionary;Dadiani;;;;;;;;;;;;;
SVA_reactionary;Dadeshkeliani;;;;;;;;;;;;;
GEO_pirveli;Pirveli Dasi;;;;;;;;;;;;;
GEO_meore;Meore Dasi;;;;;;;;;;;;;
GEO_mesame;Mesame Dasi;;;;;;;;;;;;;
GEO_terg;Tergdaleulebi;;;;;;;;;;;;;
GEO_conservative;Erovnul-Demokratiuli Partia;;;;;;;;;;;;;
GEO_liberal;Mitsis Mesakutreta Erovnuli Partia;;;;;;;;;;;;;
GEO_reactionary;Bagrationi;;;;;;;;;;;;;
GEO_reactionary_ktk;Kartvel Traditsionalistta Kavshiri;;;;;;;;;;;;;
GEO_radical;Tsisperqantselebi;;;;;;;;;;;;;
GEO_socialist;Sakartvelos Sotsial-Demokratiuli Partia;;;;;;;;;;;;;
GEO_communist;Sakartvelos Komunisturi Partia;;;;;;;;;;;;;
GEO_fascist;Erovnuli Ertobis Darazmuloba "Tetri Giorgi";;;;;;;;;;;;;
GEO_absolute_empire;Kartli-Kakheti;;;;;;;;;;;;;
GEO_semi_constitutional_empire;Kartli-Kakheti;;;;;;;;;;;;;
GEO_constitutional_empire;Kartli-Kakheti;;;;;;;;;;;;;
TCA_absolute_empire;The Bagratid Empire;;;;;;;;;;;;;
TCA_semi_constitutional_empire;The Bagratid Empire;;;;;;;;;;;;;
TCA_constitutional_empire;The Bagratid Empire;;;;;;;;;;;;;
treaty_of_georgievsk_title;Restore the Treaty of Georgievsk;;;;;;;;;;;;;
treaty_of_georgievsk_desc;Erekle II, the king of Kartli and Kakheti, has requested our protection back in 1783, to which we have most magnanimously agreed by signing the Treaty of Georgievsk. However, since the Georgians have been unable to defend themselves properly against the Persians, even after our garrison has left Tbilisi, our gracious sovereign Peter I has decreed to directly annex the kingdom in 1801. Now that the Persians have been beaten back, perhaps it would be prudent to re-uphold the treaty and restore our loyal servant and chamberlain, the prince Bagrat, son of George XII, in Kartli-Kakheti, instead of relying on the unpopular viceregal administration? A strong and loyal native state would, after all, be a beneficial buffer zone between the Ottoman and Persian empires...;;;;;;;;;;;;;
king_of_all_georgia_title;King of All Georgia;;;;;;;;;;;;;
king_of_all_georgia_desc;§RAvailable until 1837!§! Ever since the year 1465 there has been no king of a united Georgia. We have been fragmented into numerous bickering branches and used by various foreign powers. It is only as if through a divine miracle that Russia even decided to restore the Treaty of Georgievsk. If we want to become a strong state, we must resolve the ancient succession issues. The princes (batonishvili) are unfortunately too numerous to be killed off - it appears that the only option would be to pay them generous compensations and establish some sort of a set legal framework for their positions within the court and administration. Finally, we should get formal recognition from our overlord to confirm our rulership over all Georgia, which would also enable us to slowly absorb the fiefdoms in the west. The whole endeavor will be costly, but it is necessary. For a united Georgia!;;;;;;;;;;;;;
paying_off_bagratid_leeches;Batonishvili Compensations;;;;;;;;;;;;;
paying_off_bagratid_leeches_desc;We are paying off the myriad Bagratid princes in return for the recognition of our branch as the first kings of all Georgia since George VIII in 1465.;;;;;;;;;;;;;
OSS_fascist_dictatorship;Alania;;;;;;;;;;;;;
OSS_absolute_monarchy;Alania;;;;;;;;;;;;;
OSS_prussian_constitutionalism;Alania;;;;;;;;;;;;;
OSS_hms_government;Alania;;;;;;;;;;;;;
GEO_found_society_title;Found the Society for the Spreading of Literacy Among Georgians;;;;;;;;;;;;;
GEO_found_society_desc;The Society was a charity founded by the noblemen Ilia Chavchavadze, Dimitri Kipiani, and local educators like Iakob Gogebashvili and Mariam Jambakur-Orbeliani in May 1879 in order to promote a cultural renaissance among the peasantry of Georgia. The Society ran a network of schools, bookshops and libraries throughout the country, trained teachers, and sponsored Georgian-language journals and magazines. Prince Chavchavadze, a prominent writer, went on to play a leading role in the Society, succeeding the first chairman Kipiani in 1885 until his assassination in 1907. In 1885, the Mingrelian prince Niko Dadiani donated his father's rich personal library collection, including old Georgian manuscripts, to the charity. The organization involved virtually all active Georgian men of letters, several philanthropists and officials, and was instrumental in Georgian national revival in the latter half of the 19th century.;;;;;;;;;;;;;
SLU;The Slavic Union;;;;;;;;;;;;;
SLU_proletarian_dictatorship;The Union of Socialist Councils;;;;;;;;;;;;;
SLU_presidential_dictatorship;The Slavic Republic;;;;;;;;;;;;;
SLU_radical_republic;Republic of the Slavs;;;;;;;;;;;;;
SLU_fascist_dictatorship;The Great Slavic National State;;;;;;;;;;;;;
SLU_theocracy;The Patriarchate of All Slavs and the Prince-Bishopric of Montenegro;;;;;;;;;;;;;
SLU_absolute_monarchy;The Slavic Empire;Manhattanien;Manhattanisch;;Manhattanita;;;;;;;;;
SLU_prussian_constitutionalism;The Slavic Empire;Manhattanien;Manhattanisch;;Manhattanita;;;;;;;;;
SLU_hms_government;The Slavic Empire;Manhattanien;Manhattanisch;;Manhattanita;;;;;;;;;
SLU_absolute_empire;The Slavic Empire;;;;;;;;;;;;;
SLU_semi_constitutional_empire;The Slavic Empire;;;;;;;;;;;;;
SLU_constitutional_empire;The Slavic Empire;;;;;;;;;;;;;
SLU_ADJ;Slavic;;;;;;;;;;;;;
SLU_theocracy_ADJ;Slavo-Montenegrin;;;;;;;;;;;;;
SLU_conservative;Šturovites;;;;;;;;;;;;;
SLU_conservative_1;Slavic Christian Union;;;;;;;;;;;;;
SLU_liberal;Palackites;;;;;;;;;;;;;
SLU_liberal_1;Constitutional Democratic Party;;;;;;;;;;;;;
SLU_reactionary;Slavophiles;;;;;;;;;;;;;
SLU_reactionary_1;All-Slavic Black Veche;;;;;;;;;;;;;
SLU_radical;Sabinites;;;;;;;;;;;;;
SLU_radical_1;National Revolutionary Congress;;;;;;;;;;;;;
SLU_socialist_1;Socialist Revolutionary Party;;;;;;;;;;;;;
SLU_socialist_2;Labour Party;;;;;;;;;;;;;
SLU_communist;Communist Party;;;;;;;;;;;;;
SLU_fascist;All-Slavic National Radical Party;;;;;;;;;;;;;
UKR_absolute_empire;The Ruthenian Empire;;;;;;;;;;;;;
UKR_semi_constitutional_empire;The Ruthenian Empire;;;;;;;;;;;;;
UKR_constitutional_empire;The Ruthenian Empire;;;;;;;;;;;;;
UKR_absolute_empire_ADJ;Ruthenian;;;;;;;;;;;;;
UKR_semi_constitutional_empire_ADJ;Ruthenian;;;;;;;;;;;;;
UKR_constitutional_empire_ADJ;Ruthenian;;;;;;;;;;;;;
EVTDESC31502007;The_Baltic_provinces_have_submitted_to_our_integration.;;;;;;;;;;;;;
DESC80432210;\n\nPhilippe VII of Orléans, our reformist king, has passed away at the age of 56. He is now succeeded by his son Philippe - tall, blonde, athletic and with an interest in geography and exploration. His dalliances have already resulted in illegimate offspring, but whether France shall see a legitimate one before he dies in some daring accident shall be seen.;;;;;;;;;;;;;
DESC80432211;\n\nPhilippe VIII of Orléans has succumbed to pneumonia at the age of 57. He has left no legitimate offspring and has been separated from his wife since 1914. He is now succeeded by his cousin and brother-in-law, Jean, the duke of Guise - a hobbyist archeologist and historian.;;;;;;;;;;;;;
DESC80432212;\n\nJean III of Orléans has passed away at the age of 65. His successor is his son Henri - a self-proclaimed centrist, deeming himself above politics. Some rightist critics of Henri regard him as the Crown Prince of the Republic or a dyed-in-the-wool socialist, if not a Jacobin. The Countess of Paris described her husband as "an authoritarian and an absolutist." Henri is also a critic of primogeniture and favors an elective monarchy over hereditary. He believes that France should possess a council of state, which would be entrusted with the duty of finding the most worthy successor within the royal family.;;;;;;;;;;;;;
philippe_vii;Philippe VII;;;;;;;;;;;;;
philippe_vii_desc;Our king, Philippe VII, is an outspoken democrat and reformist - by now almost a defining trait of the house of Orléans, harkening back to Philippe Égalité. Liberal circles congregate around him as a champion of their cause, while the hardest traditionalists stand nervously on watch to safeguard the legacy of Charles X and the house of Bourbon.;;;;;;;;;;;;;
DESC80432213;\n\nLouis-Philippe I, King of the French and the first monarch of the house of Orléans, has passed away at the age of 76. Originally a liberal, he drifted towards conservativism with age. Nonetheless, the monarchy has persevered. Due to the accidental death of his son, prince Ferdinand Philippe, the crown of the French now skips a generation to Ferdinand Philippe's son, Louis-Philippe. As the young king is but nine years old, a regency will rule until he reaches majority.;;;;;;;;;;;;;
louis_philippe_ii;Louis-Philippe II;;;;;;;;;;;;;
louis_philippe_ii_desc;Louis-Philippe II, King of the French, is an outspoken democrat and reformist - by now almost a defining trait of the house of Orléans, harkening back to Philippe Égalité. Liberal circles congregate around him as a champion of their cause, while the hardest traditionalists bemoan his rule.;;;;;;;;;;;;;
DESC80432214;\n\nLouis-Philippe II has reached the age of majority and the regency is over. Growing up to be a supporter of democratic ideas and an admirer of the United States, one can foresee a liberal course for France. Supporters of such ideas already surround around the king and the parliament is likewise following the trend.;;;;;;;;;;;;;
DESC80432215;\n\nLouis-Philippe II, our reformist king, has passed away at the age of 56. He is now succeeded by his son, also Louis-Philippe - tall, blonde, athletic and with an interest in geography and exploration. His dalliances have already resulted in illegimate offspring, but whether France shall see a legitimate one before he dies in some daring accident shall be seen.;;;;;;;;;;;;;
DESC80432216;\n\nLouis-Philippe III has succumbed to pneumonia at the age of 57. He has left no legitimate offspring and has been separated from his wife since 1914. He is now succeeded by his cousin and brother-in-law, Jean, the duke of Guise - a hobbyist archeologist and historian.;;;;;;;;;;;;;
DESC80432217;\n\nPrince Ferdinand Philippe, the duke of Orléans and our heir, has died in an accident! The Duke was scheduled to leave for Saint-Omer to review part of the army of which he had been made the commander. He planned to travel from the Tuileries Palace to Neuilly-sur-Seine on 13 July 1842 to say goodbye to his family, and, for the sake of expediency, opted for an open carriage. When the horses of his carriage ran out of control, he lost his balance and fractured his skull, and, despite the best attentions of his doctors, the 31-year-old Duke died some hours later, surrounded by family members who had rushed to the scene. A man known for his temper and frequent battles with the reactionary doctrinaires due to his egalitarian upbringing, he was popular with the masses and loved by the poor. His minor son, Louis-Philippe, is now poised to succeed the throne.;;;;;;;;;;;;;
