Key;English;;;;;;;;;;;;
EVTDESC262626;\n\nThe_rebels_have_been_defeated_and_finally_we_control_all_parts_of_our_glorious_republic._Francisco_Morazán_has_proved_with_fire_and_sword_what_would_happen_with_separatists_and_enemies_of_the_Federation._Although,_after_heavy_fighting_we_need_to_move_forward_and_it_is_rumoring_about_imminent_adoption_of_a_new_Constitution_which_defines_the_future_of_our_nation.;;;;;;;;;;;;;
usca_constitution_title;Deciding on Constitution;;;;;;;;;;;
usca_constitution_desc;The harsh civil war has ended and we should learn from our mistakes, so that Federation will not be on the verge of disintegration once again. It is essential to amend the Constitution or even adopt the new one. Fate of the Republic in our hands!;;;;;;;;;;;;
EVTDESC262627;\n\nThe_Constitution_of_Francisco_Morazán_still_did_not_come_into_force_in_1835_because_of_the_opposition_of_conservatives_and_the_parochial_position_of_liberal_leaders_who_did_not_want_to_infringe_on_their_rights._Now,_after_dealing_with_renegades,_in_$YEAR$_Federal_Congress_has_been_convened_again_to_reform_our_Constitution_consolidating_territorial_arrangement,_Mr._President,_what_is_your_last_word?;;;;;;;
EVTDESC262628;\n\nIn_1821,_when_the_Central_American_provinces_achieved_their_independence,_the_islands_were_under_the_jurisdiction_of_the_state_of_Honduras._This_state_of_things_continued_until_May,_1830,_when_the_superintendent_of_the_British_establishment_of_Belize,_as_a_measure_of_coercion_against_the_republic,_which_had_refused_to_surrender_certain_runaway_slaves,_made_a_descent_on_Roatan_and_seized_it_on_behalf_of_the_British_crown._The_federal_authorities_remonstrated,_and_the_act_was_disavowed_by_the_British_government._Now_that_our_federation_has_finally_stabilized,_we_can_conclude_whether_claiming_the_islands_is_even_worth_it._Are_we_brave_enough_to_challenge_the_Queen_of_the_Seas?;;;;;;;;
francisco_morazan;Francisco Morazán;;;;;;;;;
francisco_morazan_desc;«Eliminate the genius of Morazán and you will kill the soul of Central America» (c) Álvaro Contreras;;;;;;;;;
EVTDESC262629;\n\nOur_greatest_leader_Francisco_Morazán_has_died_from_cholera_today,_terribly_suffering_the_last_few_hours_before_his_death._There_will_be_three_days_of_mourning_and_countless_days_of_despair.;;;;;;;;;;
indigo_dye;Indigofera Plants;;;;;;;;;;
indigo_dye_imp;National support for Indigofera planting;;;;;;;;;
EVTDESC262630;\n\nCoffee_was_first_cultivated_in_El_Salvador_for_domestic_use_early_in_the_19th_century._By_mid-century_its_commercial_promise_was_evident,_and_the_government_began_to_favor_its_production_through_legislation_such_as_tax_breaks_for_producers,_exemption_from_military_service_for_coffee_workers,_and_elimination_of_export_duties_for_new_producers._Moreover_Adolf_von_Baeyer,_the_German_chemist,_described_his_synthesis_of_indigo_in_1880,_and_now_more_chemists_are_trying_to_find_the_way_to_synthesize_indigo_dye_in_industrial_mass._\n_Although_in_comparison_with_Indigofera,_coffee_is_a_more_demanding_crop_since_coffee_bushes_require_several_years_to_produce_a_usable_harvest,_its_production_requires_a_greater_commitment_of_capital,_labor,_and_land_than_does_indigo._Coffee_also_grows_best_at_certain_altitudes,_whereas_indigo_flourishes_almost_anywhere.;;;;;;;
EVTDESC262631;\n\nOur_northern_neighbor,_Mexico,_dreams_of_regaining_control_of_"their"_lands_in_Central_America._Thus,_in_1822,_the_first_president_of_the_USCA_Gabino_Gaínza,_having_failed_to_cope_with_the_separatists_in_El_Salvador,_let_the_Mexicans_in_voluntarily._We_are_now_independent,_but_our_richest_provinces,_Guatemala_and_El_Salvador,_are_in_close_proximity_to_the_border_and_enemy_can_quickly_occupy_them._There_is_no_better_time_than_right_now_for_decisive_action_-_Mexico_is_busy_with_problems_with_its_own_northern_territories_and_we_can_send_them_an_ultimatum_to_transfer_control_over_the_Chiapas_and_Tabasco.;;;;;;;;;;;;;
EVTDESC262632;\n\nWe_received_an_ultimatum_from_the_USCA_on_the_transfer_of_the_Chiapas_and_Tabasco._In_case_of_refusal,_we_are_threatened_with_war._What_should_we_do?;;;;;;;;;;;;;
EVTDESC262633;\n\nMexico_agreed_to_cede_Chiapas_and_Tabasco!_Now_we_must_fully_integrate_the_newly_acquired_province_into_our_Republic!;;;;;;;;;;;;;
EVTDESC262634;\n\nMexico_refused_to_hand_over_control_of_Chiapas_and_Tabasco!_We_are_left_with_no_choice_but_to_send_troops._Or?..;;;;;;;;;;;;;
EVTDESC262635;\n\nBefore_dying,_Morasan_wished_to_be_buried_in_El_Salvador,_the_capital_of_the_Federation_he_cherished._However,_the_leaders_of_the_rest_of_the_provinces_opposed_this_and_everyone_considered_their_territory_to_be_worthy_to_hold_the_remains_of_a_great_man._We_do_not_have_the_opportunity_to_find_a_compromise,_but_we_must_make_a_choice_that,_in_fact,_will_designate_our_capital.;;;;;;;;;;;;;