schomburgk_line_title;The Schomburgk Line;;;;;;;;;;;;;
schomburgk_line_desc;Following the dissolution of Gran Colombia, its unsettled and remote eastern frontier in Essequibo has been left unorganized and unprotected. Following our acquisition of Guyana from the Dutch, we inherited a territorial dispute over Essequibo with Gran Colombia which disputed the former Spanish treaty. Thus we have legal justification to seize this patch of jungle without conflict. The Royal Geographical Society of London recommends we send Sir Robert Hermann Schomburgk to explore the region and delineate a proper border with Venezuela, as his work on surveying the Virgin Island of Anegada was quite impressive.;;;;;;;;;;;;;
apulo_convention_title;The Apulo Convention;;;;;;;;;;;;;
apulo_convention_desc;Gran Colombia is doomed. Without Bolívar, no leadership can emerge with enough legitimacy in the people's eyes to keep the country unified. With Ecuador, Venezuela and Panama in revolt, perhaps it is time to accept the inevitability of partition rather than spill more of our countrymen's blood. Accordingly, President Rafael Urdaneta has called for a convention to officially dissolve the union of Colombia and create a new state within the territories still under stable federal control.;;;;;;;;;;;;;
colonize_galapagos_title;Colonize the Galapagos Islands;;;;;;;;;;;;;
colonize_galapagos_desc;The Galapagos Islands are a hotspot of biodiversity, having been separate from the mainland for thousands of years. It also serves as an excellent naval base in the Pacific to project our influence. We must settle it before another country acts first!;;;;;;;;;;;;;
AGRESSION_CIVIL_WAR_NAME_DAI_CHA;The Ja Thak Wa Uprising;;;;;;;;;;;;;
NORMAL_CIVIL_WAR_NAME_DAI_CHA;The Ja Thak Wa Uprising;;;;;;;;;;;;;
AGRESSION_CIVIL_WAR_NAME_GCO_VNZ;The Collapse of Gran Colombia;;;;;;;;;;;;;
NORMAL_CIVIL_WAR_NAME_GCO_VNZ;The Collapse of Gran Colombia;;;;;;;;;;;;;
AGRESSION_CIVIL_WAR_NAME_GCO_PNM;The Collapse of Gran Colombia;;;;;;;;;;;;;
NORMAL_CIVIL_WAR_NAME_GCO_PNM;The Collapse of Gran Colombia;;;;;;;;;;;;;
AGRESSION_CIVIL_WAR_NAME_GCO_ECU;The Collapse of Gran Colombia;;;;;;;;;;;;;
NORMAL_CIVIL_WAR_NAME_GCO_ECU;The Collapse of Gran Colombia;;;;;;;;;;;;;
clm_const_1832_title;The Colombian Constitution;;;;;;;;;;;;;
clm_const_1832_desc;Now that the situation has stabilized, the constitutional assembly has finished its deliberations and formulated a constitution. It establishes the separation of powers, the responsibilities of public officials, the duty to protect the Catholic church and the unitary form of government with decentralized local assemblies. Furthermore, it divides congress into an upper and lower house and sets its legislative terms.;;;;;;;;;;;;;
EVTNAME127851;The Polish Uprising of $YEAR$;;;;;;;;;;;;;
EVTOPT127851A;Prepare for war.;;;;;;;;;;;;;
EVTOPT127851C;Let them be free.;;;;;;;;;;;;;
EVTOPT127851D;Onwards to Poland! §BPlay as Poland§W;;;;;;;;;;;;;
EVTDESC127851_NEWS_LONG;A spontaneous protest by young Polish officers from the military academy of the Army of Congress Poland has quickly erupted into a widespread insurrection across $COUNTRY$, supported by high-ranking Polish and Lithuanian officers and politicians. The eyes of all of Europe are upon $COUNTRY$, and if they deal with the insurgents too harshly it may hurt their relations with other European powers. If they do not, however, the uprising will surely spread even further.;;;;;;;;;;;;;
EVTDESC127851_NEWS_MEDIUM;A spontaneous protest by young Polish officers from the military academy of the Army of Congress Poland has quickly erupted into a widespread insurrection across $COUNTRY$, supported by high-ranking Polish and Lithuanian officers and politicians.;;;;;;;;;;;;;
EVTDESC127851_NEWS_SHORT;A spontaneous protest by young Polish officers from the military academy of the Army of Congress Poland has quickly erupted into a widespread insurrection across $COUNTRY$.;;;;;;;;;;;;;
EVTNAME127852;The Polish Uprising of $YEAR$;;;;;;;;;;;;;
EVTOPT127852A;To arms!.;;;;;;;;;;;;;
EVTOPT127852C;Let them be free.;;;;;;;;;;;;;
EVTOPT127852D;Onwards to Poland!;;;;;;;;;;;;;
EVTNAME127853;The Rebellion is Crushed;;;;;;;;;;;;;
EVTOPT127853A;There will be harsh reprisals.;;;;;;;;;;;;;
EVTOPT127853B;Be lenient with them.;;;;;;;;;;;;;
AGRESSION_WAR_CONQUEST_ANY_NAME_RUS_PLR;The January Uprising;;;;;;;;;;;;;
NORMAL_WAR_CONQUEST_ANY_NAME_RUS_PLR;The January Uprising;;;;;;;;;;;;;
male_core_desc;\n\nWe have conquered even more lands from those heretic Brazilians!;;;;;;;;;;;;;
males_expand_title;Jihad against Brazil;;;;;;;;;;;;;
males_expand_desc;These heretic Brazilians should pay for what they made our people go through! We should expand all the way up to São Francisco!;;;;;;;;;;;;;
brest_litovsk_fort_title;Build the Brest-Litovsk Fortress;;;;;;;;;;;;;
brest_litovsk_fort_desc;It is time for our government to commission a fortress in the key strategic city of Brest-Litovsk, covering an intersection of the Bug and Mukhavets rivers. It is to be constructed in a star shape, with barracks lining its banks on three sides and a citadel on an island in the center. The fort will accommodate 12,000 soldiers in total.;;;;;;;;;;;;;
osterreichische_lloyd_title;Österreichischer Lloyd;;;;;;;;;;;;;
osterreichische_lloyd_desc;Several sea transport insurance companies, banking houses and numerous individual shareholders, among them the Austrian politician Karl Ludwig von Bruck, have come together to form a shipping company. Based in Trieste, it would begin constructing new steamers to transports passengers and goods and bring news from overseas. With this much backing, the company would be sure to become the prime shipping company in the Austrian Empire.;;;;;;;;;;;;;
antoine_clot_title;Establish a School of Medicine for Women;;;;;;;;;;;;;
antoine_clot_desc;A French doctor named Antoine Clot has held an esteemed medical practice in Egypt for 5 years as Surgeon-in-Chief of the Armies. Before he arrived from France, our country did not yet have a medical care system: since then he has worked as director of the first medical school in Egypt, Kasr al-Aini Medical School, and even has been made chief surgeon for Muhammad Ali Pasha. Clot is a force of Egypt's modernization. With this modernization comes a need to bring women into the fold. We should grant Clot's request to open a women's medical school.;;;;;;;;;;;;;
bavarian_ludwig_railway_title;The Bavarian Ludwig Railway;;;;;;;;;;;;;
bavarian_ludwig_railway_desc;Railways are the future of transportation. With their recent invention in Britain promising speedy commutes between cities, it is not hard to imagine that Germany would benefit greatly from building their own. The Royal Privileged Ludwig Railway Company may obtain a charter for building a railway in Bavaria right now--also the first in all of Germany.;;;;;;;;;;;;;
france_bullies_algeria_title;The Conquest of Algiers;;;;;;;;;;;;;
france_bullies_algeria_desc;Tension between France and the Deylik of Algiers, an autonomous part of the Ottoman Empire, has escalated due to Algerian pirates raiding European ships. With these Barbary Pirates being a major thorn in our backside, it's about time we show them their place and conquer Algiers for ourselves. We even have the perfect casus belli: a provocation by Hussein Bey, who struck the French consul, Pierre Deval, with a fan during a heated argument over both countries' trade debts to each other.;;;;;;;;;;;;;
start_the_chaos_srn_title;Expand our Principality;;;;;;;;;;;;;
start_the_chaos_srn_desc;We were established in 1399 and subjugated by the Turks in 1554. We have stayed their peaceable vassal for several centuries, but Mir Mohammed has other plans - the expansion of our army and land. A good first step should be taking on the emirate to our north, Bahdinan.;;;;;;;;;;;;;
conquer_kirkuk_title;Conquer Kirkük;;;;;;;;;;;;;
conquer_kirkuk_desc;The Baban Emirate has always sought to weaken our state and once occupied half of our lands. Their emir is greedy and is allied with the Yazidis, to whom he grants amnesties and asylum. The people of Kirkük are constantly oppressed by Baban, and factions of the local militias have signaled that they'd join our offensive. It might be time to fix the greatest error the Soran Emirate has ever done - letting Baban exist.;;;;;;;;;;;;;
ally_bohtan_singal_title;Ally Bohtan and take Tasini;;;;;;;;;;;;;
ally_bohtan_singal_desc;The Bohtan are a powerful emirate that rules the city of Cizre and its surroundings, including Zaco. Their ruler, Bedir Khan Beg, also wants to liberate Kurdistan from Ottoman hands and has a similar approach. The lands of Singal are full of Yazidis that raid both their and our lands, and together we will be able to stop them.;;;;;;;;;;;;;
kill_bohtan_title;Occupy Bohtan;;;;;;;;;;;;;
kill_bohtan_desc;The Bohtan Emirate is no more than a roadblock in our successful campaigns, and their Emir is constantly collaborating with the enemy. To realize our ultimate goal - we must end Bohtan's autonomy once and for all.;;;;;;;;;;;;;
ottos_cry_to_themselves_title;Sign Ceasefire With Soran;;;;;;;;;;;;;
ottos_cry_to_themselves_desc;The war in Soran is not going our way. With the numerous wars happening around the region, we would benefit from a short, 20-month ceasefire to reorganize and prepare for war.;;;;;;;;;;;;;
hakkari_was_based_before_eighteenfourty_title;Attack Hakkari;;;;;;;;;;;;;
hakkari_was_based_before_eighteenfourty_desc;Hakkari is a powerful Kurdish emirate with a large Assyrian minority that is centered on the Hakkari mountains. The mountains of Hakkari were once part of our emirate, but the Ottoman Empire forced us to give up lands in the region after our defeat three hundred years ago. Now it is time to undo this injustice and conquer Hakkari.;;;;;;;;;;;;;
make_vassals_kurds_title;Reshid Mehmed Pasha's Campaign in Northern Kurdistan;;;;;;;;;;;;;
make_vassals_kurds_desc;With the defeats in Lower Kurdistan, Reshid Mehmed Pasha has suggested that we launch an expedition to vassalize the Kurdish states of the north of Kurdistan, from the small semi-autonomous emirates of Erzurum to the more powerful states to their south, with control over extensive territories. This expedition should help pacify most of Kurdistan and bring an end to the local revolts, sending governors to the highlands and establishing control over those that do not agree with the policies.;;;;;;;;;;;;;
make_conquer_kurds_title;Conquer The Rest of The Kurdish Principalities;;;;;;;;;;;;;
make_conquer_kurds_desc;With our victory against Hakkari we can now look further north. The principalities of Bitlis, Bayazid and Zirqan have long been largely neutral to our actions in Southern Kurdistan, but our victory in Hakkari has scared most from allying with us, some having even asked for help from the Ottoman Empire. It is clear that to keep our sovereignty intact, we must invade these principalities and secure our border with the Ottoman Empire.;;;;;;;;;;;;;
mosul_come_here_title;Occupy Mosul;;;;;;;;;;;;;
mosul_come_here_desc;The Vilayet of Mosul was promised to us in our treaty with the Ottoman Empire, but a rebelling province had control over the region at the time. We should send them an ultimatum to cede Mosul, or we'll have no choice but to declare war.;;;;;;;;;;;;;
urmia_is_soran_title;Claim Qajar Kurdistan;;;;;;;;;;;;;
urmia_is_soran_desc;Our armies have been strengthened by conquests once more, and it is only natural that we continue our expansion into the rest of Kurdistan under the Qajar Dynasty's control. They have oppressed the Kurds of the region for decades, and the Ardalan deserve to be annexed for helping Baban three hundred years ago annex us. It is time to unleash our military on the mountains of Ardalan and Urmia and place them under our great state.;;;;;;;;;;;;;
soran_je_ottoman_title;The Subjugation of Soran;;;;;;;;;;;;;
soran_je_ottoman_desc;While the Emirate of Soran has been driven back, the Emir still poses a threat to the region's stability. Letting his rule continue despite his rebellious actions may inspire other Kurdish chiefs to do the same.;;;;;;;;;;;;;
fund_french_settlement_in_algeria_title;Funding French Settlers in Algeria;;;;;;;;;;;;;
fund_french_settlement_in_algeria_desc;Although our New World colonies are gone, our settler-colonial ventures are not yet over, still going strong in Algeria. But more often than not, these settlers will need a considerable amount of funding to ensure their livelihood in the new land. Thus, as the mother nation, it is seen as our duty to provide for their needs. The question is how much money we shall offer them, if at all.;;;;;;;;;;;;;
TUZCUOGLUCRUSHED;Lazistan has been pacified and plundered by our army. With the Tuzcuoglu family removed from power, we can tighten our grip on the province and ensure its governors will be unconditionally loyal to us.;;;;;;;;;;;;;
AGRESSION_WAR_NAME_PLS_EGY;The Peasants' revolt in Palestine;;;;;;;;;;;;;
NORMAL_WAR_NAME_PLS_EGY;The Peasants' Revolt in Palestine;;;;;;;;;;;;;
AGRESSION_WAR_NAME_ALA_EGY;The Alawite Revolt;;;;;;;;;;;;;
NORMAL_WAR_NAME_ALA_EGY;The Alawite Revolt;;;;;;;;;;;;;
AGRESSION_WAR_CONQUEST_ANY_NAME_TUR_MLW;The Laz Uprising;;;;;;;;;;;;;
NORMAL_WAR_CONQUEST_ANY_NAME_TUR_MLW;The Laz Uprising;;;;;;;;;;;;;
AGRESSION_WAR_CONQUEST_ANY_NAME_TUR_PNT;The Pontic Uprising;;;;;;;;;;;;;
NORMAL_WAR_CONQUEST_ANY_NAME_TUR_PNT;The Pontic Uprising;;;;;;;;;;;;;
uruguay_const_1830_title;The Uruguayan Constitution of $YEAR$;;;;;;;;;;;;;
uruguay_const_1830_desc;Inspired by the liberal ideas of the American and French revolutionaries, calls for a constitution firmly establishing Uruguay as a representative democracy are echoing within the government. Under this constitution, Uruguay will be represented by a president and a two-chamber legislative branch consisting of the Chamber of Representatives and the Chamber of Senators. Meanwhile, supreme legal power will be put in the hands of the Supreme Court of Justice. The constitution will also strengthen the federal government's authority--so much so that our country will be considered a unitary republic. Nevertheless, the constitution's passing will be a firm, welcomed step in the direction toward equality and justice.;;;;;;;;;;;;;
anglo_ashanti_treaty_title;The Anglo-Ashanti Treaty;;;;;;;;;;;;;
anglo_ashanti_treaty_desc;Border conflicts with the Ashanti Empire have been a constant occurrence since we first established our colony on the Gold Coast. With it obvious, though, that the Ashanti cannot fully repel our troops and retake that land, perhaps we should send them an ultimatum. We shall force an agreement that our borders will lie on the opposite banks of the Pra River, the natural boundary of the Gold Coast colony. Of course, there's nothing stopping us from eventually breaking this treaty and conquering them entirely.;;;;;;;;;;;;;
romania_semiconst_1831_title;The Regulamentul Organic;;;;;;;;;;;;;
romania_semiconst_1831_desc;While the Romanian principalities of Wallachia and Moladvia are Ottoman vassals, we have retained garrisons in them since the war of 1828-29. The populace is becoming increasingly resentful of this, especially as we have confiscated Wallachia and Moldavia's treasuries for the time being. It is up to us to shape their governments for the better and hand them back control over their finances. The proposed Organic Regulation would form the organic law, or legal system forming the basis of government, of the principalities. It would establish a national assembly in Iasi and Bucharest elected by no more than 3000 of the most influential citizens. Furthermore, the Organic Regulation would, among other things, ensure the independence of the judiciary and establish a poll tax in place of the old indirect taxes.;;;;;;;;;;;;;
peru_const_1834_title;The Peruvian Constitution of $YEAR$;;;;;;;;;;;;;
peru_const_1834_desc;Now that the Bermudists have been defeated, we can finally set about finishing the new constitution. The proposed draft mostly reiterates the 1828 constitution and follows its liberal spirit but makes some adjustments to combat instability which has been experienced since. For example, the post of vice-president would be removed due to the bad contact of former VP Antonio Gutiérrez de la Fuente. Another example is the prohibition of immediate presidential reelection, a tactic used by Augustín Gamarra to elongate his presidency.;;;;;;;;;;;;;
eventtwo_bermudists;The Civil War of 1834;;;;;;;;;;;;;
belgium_const_1831_title;The Belgian Constitution;;;;;;;;;;;;;
belgium_const_1831_desc;Belgium's existence is extraordinary, considering how divided along linguistic and cultural lines our two major ethnic groups are. Nevertheless, it is our duty to consolidate our brand-new nation, uniting the Flemish, the Walloons and the small German minority. We shall create a constitutional monarchy, a compromise between liberals and the conservatives. The state will have three branches of government and afford privileges to the Catholic Church. Basic freedoms such as that of expression, worship, and the press will be guaranteed. However, only landed subjects will be able to vote.;;;;;;;;;;;;;
BELGIUMAKINGENGTROLLYNO;\n\nBelgium has refused to sign the Treaty of the Eighteen Articles, for they lack faith that we will make a fair judgment over the issue of Limburg and Luxembourg. Leopold of Saxe-Coburg-Gotha will not, after all, be king of Belgium.;;;;;;;;;;;;;
flauhaut_plan_title;The Flahaut Plan;;;;;;;;;;;;;
flauhaut_plan_desc;Belgium has no right to exist. Its people speak Dutch, French and German, an amalgamation utterly undeserving of a nation-state of its own. Therefore, it would be best to divide its lands. With us receiving Wallonia and Brussels, Prussia getting Luxembourg and Liège, the UK being given Antwerp and Ghent, and the Netherlands receiving Limburg and Hasselt, the Western European great powers would surely all be on board.;;;;;;;;;;;;;
assam_puppetted_title;Install Purandar Singha;;;;;;;;;;;;;
assam_puppetted_desc;We would love nothing more than to control all of Assam for its rich farmland and the expansion of Britain's markets in India. The locals, however, do not easily consent to foreign rule. There is a way around this: we could restore native autonomy in the region by installing a king as tributary. The king we have in mind is Purandar Singha, a prince of the Ahom Kingdom. Under our plan, he will be installed as a ruler in Upper Assam, guaranteeing our undisputed dominance in the region without directly governing it.;;;;;;;;;;;;
AGRESSION_HUMILIATE_NO_INFAMY_WAR_NAME_BEL_NET;The 10 Days' Campaign;;;;;;;;;;;;;
NORMAL_HUMILIATE_NO_INFAMY_WAR_NAME_BEL_NET;The 10 Days' Campaign;;;;;;;;;;;;;
AGRESSION_HUMILIATE_NO_INFAMY_WAR_NAME_POL_RUS;The November Uprising;;;;;;;;;;;;;
NORMAL_HUMILIATE_NO_INFAMY_WAR_NAME_POL_RUS;The November Uprising;;;;;;;;;;;;;
ten_days_campaign_title;A Campaign against Belgium;;;;;;;;;;;;;
ten_days_campaign_desc;We are creeping further and further toward losing the Southern Provinces due to the increasingly widespread revolution. The revolutionaries have even coronated their first king, making their nationhood already apparent and their independence seemingly inevitable. This nation-building must halt. We will need to commit as many troops as possible to destroying the revolution. This is all-out war.;;;;;;;;;;;;;
samoa_imean_samos_title;Impose Tributary Status on Samos;;;;;;;;;;;;;
samoa_imean_samos_desc;Samos, an archipelago of culturally Greek islands just off the Turkish side of Ionia, did not join Greece after the 1821 revolt, despite having fought against our invasions of the islands. Instead, Samian rebel leader Lykourgos Logothetis declared Samos an independent state that nonetheless would not accept Ottoman suzerainty. Well, words are meaningless if they cannot be backed up on the battlefield.;;;;;;;;;;;;;
the_cauca_war_title;The Cauca War;;;;;;;;;;;;;
the_cauca_war_desc;The newly-independent state of Ecuador under conservative president Gabriel García Moreno has become socially unstable. This combined with unsettled border disputes can provide a pretext for military action in the country, in hopes of gaining valuable territories for reuniting the old borders of Gran Colombia.;;;;;;;;;;;;;
pasto_treaty_title;The Treaty of Pasto;;;;;;;;;;;;;
pasto_treaty_desc;Our invasion of Cauca can now end with the signing of a treaty. We shall negotiate the acknowledgment of a border between Colombia and Ecuador along the Carchi River, with the province of Pasto annexed into our territory. With this being our final agreed-upon borders after the dissolution of Gran Colombia, we will no longer have any hostilities with each other and can begin meaningful diplomatic relations.;;;;;;;;;;;;
spanish_inquisition_title;End the Spanish Inquisition;;;;;;;;;;;;;
spanish_inquisition_desc;§GLose 1 infamy§! The Tribune of the Holy Office of the Inquisition, commonly called the Spanish Inquisition, is the police force responsible for enforcing strict observance of Catholicism in the Spanish Empire. Established at the end of the Reconquista, it oversaw the mass conversion and expulsion of Jews and Muslims from Spain, and since then it has been responsible for enforcing the consolidation of the Spanish crown's rule by ensuring Catholicism unites its disparate subjects. But the Inquisition is not what it used to be. It was temporarily abolished under Joseph Bonaparte's reign and was reinstated by Ferdinand VII in 1814. Liberalism continues to weaken the Inquisition's strength to eradicate Christian heterodoxy. The organization has been reduced to a censorship committee, rarely overseeing prosecutions anymore. Perhaps it is time to disband the Inquisition and bury its legacy in the sand dunes of history.;;;;;;;;;;;;;
seize_peshawar_title;Seize Peshawar;;;;;;;;;;;;;
seize_peshawar_desc;With our loss against the Afghans in the Battle of Nowshera 7 years ago we were pushed back to the left bank of the Indus River and have maintained an uneasy peace since. Among the territories lost after the battle was the city of Peshawar. The city is regarded as the breadbasket of Afghanistan, one of the few fertile regions that are key to the Afghan food supply. It would be easy to conquer due to its relative separation from the rest of Afghanistan: The only way to get from Kabul to Peshawar is via the Khyber Pass which is blocked by snow in winter. Thus, the defenders would easily be overwhelmed before reinforcements could arrive. It is, however, possible that an Afghan force will arrive over the pass after Peshawar is in our hands to recapture it.;;;;;;;;;;;;;
sikh_bahawalpur_title;Claim Dera Ghazi Khan;;;;;;;;;;;;;
sikh_bahawalpur_desc;To our south lies the Kingdom of Bahawalpur, who, similar to us, freed themselves of Afghan rule in 1821, taking control of both the right and left bank of the middle Indus in the process. The territory on the right bank of the Indus is home to the cities of Dera Ghazi Khan and Dera Ismail Khan which are threatened by a possible Afghan invasion from Peshawar. In order to prevent such a scenario, which threatens the rest of Punjab, we must march past the Indus and seize the cities from the weak Nawabs of Bahawalpur.;;;;;;;;;;;;;
sikh_bahawalpur2_title;Conquer Bahawalpur;;;;;;;;;;;;;
sikh_bahawalpur2_desc;With our victory over the Kingdom of Bahawalpur and the seizure of all Bahawalpuri lands west of the Indus we are now in a better position to defend from Afghan incursions in the region. With our rule on the west bank now cemented, the opportunity to secure the east bank of the Indus, along with the rest of the Kingdom of Bahawalpur, presents itself. With both sides under our control, we would be able to easily expand our influence down the Indus into the rich lands of the State of Sindh.;;;;;;;;;;;;;
july_ordinances_title;The July Ordinances;;;;;;;;;;;;;
july_ordinances_desc;§RCauses a Revolution§! Liberalism is a scourge upon the monarchy. It must be put down through a heavy-handed approach to ruling France's subjects, lest we fail to save the French people from their naive ideas of how they wish to be governed. Chief Minister Jules Armand de Polignac, an ultraroyalist who has long been targeted by the liberals, proposes a set of royal ordinances meant to reign France in: they include limitation of press freedom, a newly appointed set of reactionary Councilors of State, the dissolution of the Chamber of Deputies, and the exclusion of the middle class from future elections.;;;;;;;;;;;;;
AGRESSION_CIVIL_WAR_NAME_FRA_BOR;The War in the Vendée and Chouannerie of 1832;;;;;;;;;;;;;
NORMAL_CIVIL_WAR_NAME_FRA_BOR;The War in the Vendée and Chouannerie of 1832;;;;;;;;;;;;;
webley_n_scott_title;Webley & Scott;;;;;;;;;;;;;
webley_n_scott_desc;The Webley company was founded in the late 18th century by William Davies, who made bullet molds. It has now been taken over by his son-in-law, Philip Webley, who has begun producing percussion sporting guns. With this specialization in handgun manufacturing, Webley and Scott has the potential to become a major supplier of firearms to our armed forces.;;;;;;;;;;;;;
malones;Malones;;;;;;;;;;;;
malones_desc;The Malones are raids carried out by Mapuche warriors, who raid frontier settlements on horseback to obtain horses, cattle, provisions, and captives, often young women.;;;;;;;;;;;;
desert_campaign_malones_title;The Desert Campaign;;;;;;;;;;;;;
desert_campaign_malones_desc;Under the military command of our former national leader, Juan Manuel de Rosas, Argentina has finally taken the initiative to expand her borders into the desert in the southern Pampas and northern Patagonia. These lands are the homes of indigenous tribes such as the Mapuche and Ranqueles, whom we experience friction with due to frequent border raids on our territories by them. The campaign has several front lines, spanning from the Atlantic Ocean to the Andes. By its end, we will have subjugated the Indians and expanded our domain to allow immigrants to settle in its heretofore untamed frontiers.;;;;;;;;;;;;;
AGRESSION_PUNITIVE_EXPEDITION_WAR_NAME_FRA_LBY;The Capture of Bône;;;;;;;;;;;;;
NORMAL_PUNITIVE_EXPEDITION_WAR_NAME_FRA_LBY;The Capture of Bône;;;;;;;;;;;;;
AGRESSION_PUNITIVE_EXPEDITION_WAR_NAME_BOR_LBY;The Capture of Bône;;;;;;;;;;;;;
NORMAL_PUNITIVE_EXPEDITION_WAR_NAME_BOR_LBY;The Capture of Bône;;;;;;;;;;;;;
AGRESSION_PUNITIVE_EXPEDITION_WAR_NAME_FRA_ABA;The Capture of Bougie;;;;;;;;;;;;;
NORMAL_PUNITIVE_EXPEDITION_WAR_NAME_FRA_ABA;The Capture of Bougie;;;;;;;;;;;;;
AGRESSION_PUNITIVE_EXPEDITION_WAR_NAME_BOR_ABA;The Capture of Bougie;;;;;;;;;;;;;
NORMAL_PUNITIVE_EXPEDITION_WAR_NAME_BOR_ABA;The Capture of Bougie;;;;;;;;;;;;;
AGRESSION_PUNITIVE_EXPEDITION_WAR_NAME_FRA_ALD;The Capture of Oran;;;;;;;;;;;;;
NORMAL_PUNITIVE_EXPEDITION_WAR_NAME_FRA_ALD;The Capture of Oran;;;;;;;;;;;;;
AGRESSION_PUNITIVE_EXPEDITION_WAR_NAME_BOR_ALD;The Capture of Oran;;;;;;;;;;;;;
NORMAL_PUNITIVE_EXPEDITION_WAR_NAME_BOR_ALD;The Capture of Oran;;;;;;;;;;;;;
AGRESSION_HUMILIATE_NO_INFAMY_WAR_NAME_LBY_FRA;The Capture of Bône;;;;;;;;;;;;;
NORMAL_HUMILIATE_NO_INFAMY_WAR_NAME_LBY_FRA;The Capture of Bône;;;;;;;;;;;;;
AGRESSION_HUMILIATE_NO_INFAMY_WAR_NAME_LBY_BOR;The Capture of Bône;;;;;;;;;;;;;
NORMAL_HUMILIATE_NO_INFAMY_WAR_NAME_LBY_BOR;The Capture of Bône;;;;;;;;;;;;;
AGRESSION_HUMILIATE_NO_INFAMY_WAR_NAME_ABA_FRA;The Capture of Bougie;;;;;;;;;;;;;
NORMAL_HUMILIATE_NO_INFAMY_WAR_NAME_ABA_FRA;The Capture of Bougie;;;;;;;;;;;;;
AGRESSION_HUMILIATE_NO_INFAMY_WAR_NAME_ABA_BOR;The Capture of Bougie;;;;;;;;;;;;;
NORMAL_HUMILIATE_NO_INFAMY_WAR_NAME_ABA_BOR;The Capture of Bougie;;;;;;;;;;;;;
AGRESSION_HUMILIATE_NO_INFAMY_WAR_NAME_ALD_FRA;The Capture of Oran;;;;;;;;;;;;;
NORMAL_HUMILIATE_NO_INFAMY_WAR_NAME_ALD_FRA;The Capture of Oran;;;;;;;;;;;;;
AGRESSION_HUMILIATE_NO_INFAMY_WAR_NAME_ALD_BOR;The Capture of Oran;;;;;;;;;;;;;
NORMAL_HUMILIATE_NO_INFAMY_WAR_NAME_ALD_BOR;The Capture of Oran;;;;;;;;;;;;;
bone_french_war_title;The Capture of Bône;;;;;;;;;;;;;
bone_french_war_desc;We suspect the Ottoman troops in the Algerian city of Bîne are not equipped nor trained well enough to face our army. An ambush on the city's shores could possibly spell victory for us, should we strike swiftly enough and do plenty of reconnaissance beforehand to assist us.;;;;;;;;;;;;;
bougie_french_war_title;The Capture of Bougie;;;;;;;;;;;;;
bougie_french_war_desc;Our success in capturing Bône may well be repeated if we strike at Algeria again. This time, the city of Bougie would be our target. Our battle-hardened troops will surely bring the incompetent Berber troops to their knees in one fell swoop!;;;;;;;;;;;;;
strasbork_railroad_usa_title;The Strasburg Rail Road;;;;;;;;;;;;;
strasbork_railroad_usa_desc;A railway charter is in order to provide commerce to the Pennsylvania Dutch Country, a rural area home to modestly-living German immigrants. The Strasburg Rail Road will offer a short line through the town of Strasburg, run on steam and diesel locomotives. Trade and industry will greatly benefit from the railway's construction.;;;;;;;;;;;;;
ecuador_const_1830_title;The Ecuadorian Constitution;;;;;;;;;;;;;
ecuador_const_1830_desc;The separation of the Districto del Sur from Gran Colombia birthed the new state of Ecuador. As a former province of that once large yet eventually ungovernable country, we lack a national identity--and a constitution. President Juan José Flores has called a assembly to draft our future constitution to proclaim the State of Ecuador. With this said, our intention is to eventually rejoin a future confederated Colombia as one of its constitutent countries. Thus the constitution will contain no clause contradicting Colombia's constitution.;;;;;;;;;;;;;
ecuador_const_1835_title;The Ecuadorian Constitution of 1835;;;;;;;;;;;;;
ecuador_const_1835_desc;Juan José Flores' authoritarian policies have left him unpopular with the public--so much so that rebellions favoring the ascension of Vicente Rocafuerte to the presidency have broken out, leaving Flores' hands tied. He was forced to agree to handing the presidency to Rocafuerte while appointing himself as chief military commander. This power vacuum leaves us in a constitutional crisis. Our instability makes aspirations to rejoin Colombia impossible, and we must solidify our identity as a sovereign nation. Ecuador shall be independent forever.;;;;;;;;;;;;;
NORMAL_WAR_RESTORE_ORDER_NAME_ARC_ARG;The Argentine Civil War;;;;;;;;;;;;;
AGRESSION_WAR_RESTORE_ORDER_NAME_ARC_ARG;The Argentine Civil War;;;;;;;;;;;;;
occupy_falklands_title;Reoccupy the Falklands;;;;;;;;;;;;;
occupy_falklands_desc;We have maintained that we are the rightful owners of the Falkland Islands following the conclusion of the 1771 crisis with Spain. However, the islands have proven to be of little practical value, and we no longer maintain an active presence there. Starting in the mid 1820s, the Argentinian government has begun asserting that they are the rightful owners, even going so far as to establish a small colony there. And we have not intervened because we were unwilling to test the American Monroe doctrine. However, the Argentinian governor has blundered: He has angered the Americans and the U.S.S. Lexington has razed the Argentinian colony. We could easily reassert our sovereignty with a military expedition without angering the Americans.;;;;;;;;;;;;;;
bolivia_annexes_peru_title;Invade Perú;;;;;;;;;;;;;
bolivia_annexes_peru_desc;Perú is in anarchy, wracked by an insurgency against acting president Luis de Obregoso by Felipe Salaverry. In desperation to hold onto power, Obregoso has petitioned our general Andrés de Santa Cruz to invade Perú and quash the rebels. This would lead to an upending of Latin America's balance of power: a union between Bolivia and Perú, creating a regional powerhouse.\n\n§RWarning: You have to merge the brigades that are generated by this decision§W;;;;;;;;;;;;;
NORMAL_WAR_PUPPET_NAME_BOL_PEU;The Salaverry-Santa Cruz War;;;;;;;;;;;;;
AGRESSION_WAR_PUPPET_NAME_BOL_PEU;The Salaverry-Santa Cruz War;;;;;;;;;;;;;
ottoman_invasion_iraq_title;End Mamluk Rule in Baghdad;;;;;;;;;;;;;
ottoman_invasion_iraq_desc;The Mamluk Dynasty has increasingly autonomously governed Mesopotamia from Baghdad since 1704. While they have imposed order and some degree of economic prosperity in the region, Dawud Pasha, the current Mamluk leader has shown signs of disloyalty. We will not truly have the region under our control unless we depose him and end Mamluk rule once and for all. It is time to send an envoy to establish control over Mesopotamia. §RWill take about a month to have an effect.§!;;;;;;;;;;;;;
ottoman_invasion_jazira_title;End Jalili Rule in Mosul;;;;;;;;;;;;;
ottoman_invasion_jazira_desc;The Jalili Dynasty has ruled Mosul for more than one hundred years, and has made the city rich and a center of trade. With our current move to centralize the empire, we should send a new ruler to Mosul that is less autonomous. §RWill take about a month to have an effect.§!;;;;;;;;;;;;;
NORMAL_WAR_ESTABLISH_PROTECTORATE_CASUS_BELLI_NAME_TUR_TRI;Ottoman Restoration of Tripoli;;;;;;;;;;;;;
AGRESSION_WAR_ESTABLISH_PROTECTORATE_CASUS_BELLI_NAME_TUR_TRI;Ottoman Restoration of Tripoli;;;;;;;;;;;;;
ottoman_invasion_tripoli_title;Restore Order to Tripolitania;;;;;;;;;;;;;
ottoman_invasion_tripoli_desc;Our vassals in Tripolitania have been unstable for quite a while, and have now fully let their country fall into a civil war. As we saw in Algeria, letting a vassal become ever more autonomous and separate from Konstantiniyye gives colonial powers the opportunity to conquer them. This is our chance to take control of Tripolitania once and for all.;;;;;;;;;;;;;
BLACKWAROPT;Tasmania is now at peace -- but at what cost?;;;;;;;;;;;;;
LEAGUEWAROPT;What an odd reason to start a war.;;;;;;;;;;;;;
KOLUPRISINGOPT;They're playing with fire. We'll burn them.;;;;;;;;;;;;;
TITHEWAROPT;This could end badly.;;;;;;;;;;;;;
france_trolling_portugal_title;Forcing Recognition by Portugal;;;;;;;;;;;;;
france_trolling_portugal_desc;Portugal's absolute monarch, Dom Miguel I, has refused to recognize the legitimacy of the July Monarchy. Miguel, nicknamed 'The Absolutist', abolished the constitution and became the total ruler of Portugal several years ago. This of course motivates him to not recognize our revolutionary monarch. With the OK of Britain and Spain who also oppose absolutism in Portugal, we may dispatch a naval expedition to Lisbon to use gunboat diplomacy to force Miguel's hand in the recognition of the July Monarchy. If not, our navy shall have a little target practice.;;;;;;;;;;;;;
NORMAL_CIVIL_WAR_NAME_VNZ_VNR;The Reformist Revolution;;;;;;;;;;;;;
AGRESSION_CIVIL_WAR_NAME_VNZ_VNR;The Reformist Revolution;;;;;;;;;;;;;
NORMAL_ESTABLISH_PROTECTORATE_CASUS_BELLI_NAME_TUR_TRI;Ottoman Restoration of Tripoli;;;;;;;;;;;;;
AGRESSION_ESTABLISH_PROTECTORATE_CASUS_BELLI_NAME_TUR_TRI;Ottoman Restoration of Tripoli;;;;;;;;;;;;;
MINDELOLANDINGOPT;Dom Miguel will remain in power.;;;;;;;;;;;;;
MINDELOLANDINGMPR;Dom Pedro will be our Liberator! §BPlay as the Constitutionalists§W;;;;;;;;;;;;;
BATTLEPONTEFERREIRAOPT;They will have to fully siege us down!;;;;;;;;;;;;;
CERCODOPORTOOPT;We will bide our time.;;;;;;;;;;;;;
BATTLESTVINCENTOPT;Portugal will rid itself of tyranny.;;;;;;;;;;;;;
BATTLESTVINCENTMPROPT;Honrai a Pátria que a Pátria vos contempla!;;;;;;;;;;;;;
COVADAPIEDADEOPT;We shall come out on top.;;;;;;;;;;;;;
MPRLOSES;\n\nThe Miguelite army, led by General Guedes, set camp on a strong position at the Heights of Asseiceira. Our troops have been deployed to attack their position in three columns, commanded by Colonels Quierós, Nepomuceno and Vasconcelos, which were in turn led by Captain General António de Noronha who was responsible for the capture of Lisbon. The battle was a resounding success for our armies, resulting in Dom Miguel failing to rally his officers behind him for another battle. This marks the end of the civil war, with the usurper Miguel capitulating his title and claim, and being banished from the kingdom.;;;;;;;;;;;;;
MPRLOSESOPT;Deus, Pátria, Rei;;;;;;;;;;;;;
PORLOSESOPT;And may he stay there.;;;;;;;;;;;;;
LAGRANJAOPT;And they fail... again.;;;;;;;;;;;;;
1835TREATYOFLISBOAOPT;A little roadblock passed.;;;;;;;;;;;;;
TORRIJOSPRONOUNCEMENTOPT;They will never win!;;;;;;;;;;;;;
AGRESSION_CIVIL_WAR_NAME_SPA_SPC;The First Carlist War;;;;;;;;;;;;;
NORMAL_CIVIL_WAR_NAME_SPA_SPC;The First Carlist War;;;;;;;;;;;;;
ANTICLERICALRIOTS1835OPT;That was unnecessary.;;;;;;;;;;;;;
ROYALSTATUTE1834OPT;Finally something good coming from the regent.;;;;;;;;;;;;;
FERNANDODIEDOPT;This can't be happening...;;;;;;;;;;;;;
purchase_socotra_title;Purchase Socotra;;;;;;;;;;;;;
purchase_socotra_desc;We require a location to construct a coaling station to be used by the new steamship line on the Suez-Bombay route in the area of the mouth of the Red Sea. It has been proposed that we send an offer to purchase the island of Socotra to the Sultanate of Mahra, the Yemeni state controlling it, as it is perfectly situated along the route.;;;;;;;;;;;;;
AGRESSION_CIVIL_WAR_NAME_POR_MPR;The Liberal Wars;;;;;;;;;;;;;
NORMAL_CIVIL_WAR_NAME_POR_MPR;The Liberal Wars;;;;;;;;;;;;;
oran_french_war_title;The Capture of Oran;;;;;;;;;;;;;
oran_french_war_desc;Now that we have taken Algiers, the next important port to secure the pacification of Algeria is Oran. General Bourmont, who was on the way to seizing the port, has withdrawn his troops after the abdication of Charles X. However, should we choose to, we can send a new force commanded by Marshal Bertrand Clauzel. Further conquests in Algeria are supported by the people, with whom the already successful conquest of Algiers is immensely popular.;;;;;;;;;;;;;
invade_syria_egypt_title;The Invasion of Syria;;;;;;;;;;;;;
invade_syria_egypt_desc;When Sultan Mahmud II called on us in 1825 for aid in the Greek Revolt, he promised us Crete, Cyprus and Morea in return. While we landed a significant army and drove the rebels out of most of the Peloponnese within months, the Ottomans did not hold up their end of the bargain. Now, the time has come to take compensation from them by force. The rich province of Syria is directly on our border and home to religious sites of Islam, Judaism and Christianity. It would make a for a fitting prize to conquer. \n\n§RWarning: You have to merge the brigades that are generated by this decision§W;;;;;;;;;;;;;
ottos_cry_to_russia_title;Appeal to Russia;;;;;;;;;;;;;
ottos_cry_to_russia_desc;The Egyptians have crushed our army. Our only choice is to reach out to the Russians to request their aid in the war to prevent Egypt from capturing Konstantiniyye itself. Though this will demonstrate our weakness internationally, we have no other choice.;;;;;;;;;;;;;
baden_tithe_abolition_title;The Abolition of the Tithes;;;;;;;;;;;;;
baden_tithe_abolition_desc;The practice of tithing, or the mandated payment in-kind of peasants' production to their landlord as part of their feudal obligations, has for over a decade been under scrutiny by our government: In addition to hindering efforts to modernize agricultural practices, transporting and storing tithe goods incurs a significant logistical burden and results in significant wastage of agricultural output. The Baden Estates have come to a resolution to finally begin the abolition of this ancient practice, allowing for estates to forgo tithing in exchange for a compensatory pension equivalent to twenty times a tithe's appraised annual value, with twenty percent of this pension being supplied by a state tithe replacement fund.;;;;;;;;;;;;;
brunswick_constitution_1832_title;The Brunswickian Constitution of 1832;;;;;;;;;;;;;
brunswick_constitution_1832_desc;After the revolution of 1830, liberal reforms and a new constitution have been proposed by members of the Upper House. This constitution would allow voting, but limited by a census suffrage system, which ensures about 40% of Brunswick's male population is allowed to vote. The parliament would also be granted more rights than in most other German states while limiting the Duke's power and monetary budget.;;;;;;;;;;;;;
constitution_1831_saxonia_title;The Saxon Constitution of 1831;;;;;;;;;;;;;
constitution_1831_saxonia_desc;A new constitution has been proposed by King Anton and Prince co-regent Frederick Augustus II, which would transform the Kingdom of Saxony into a parliamentary monarchy. The king would be head of the government, but could not become ruler of another state (save by blood inheritance) without consent of the Diet or parliament. The king's decrees have to be countersigned by at least one of his ministers, and without it, none of the king's acts could be considered valid. The king would have supreme power over religious matters, and could overrule any judgment delivered in court of law. The king has the power to promote laws, and without his consent no proposals for laws may be passed in the Diet.;;;;;;;;;;;;;
champa_jihad_title;Declare a Jihad against Vietnam;;;;;;;;;;;;;
champa_jihad_desc;The Cham people have proven themselves resilient, with dedication to Allah and characteristic determination, against the imperial ambitions of Vietnam. Now Katip Sumat, an Islamist leader and preacher who demands absolute loyalty to Allah and Islam, calls for jihad against the barbarians to the north. Tired of the tyranny of the Vietnamese, our soldiers have voluntarily been waving black banners and calling for war. If Po Phaok The, King of the Cham, accepts the call for holy warfare against the northern invaders, the house of Islam will be expanded, and peace will be guaranteed for generations to come.;;;;;;;;;;;;;
constitution_1831_kassel_title;The Kurhessische Verfassung;;;;;;;;;;;;;
constitution_1831_kassel_desc;A new constitution modeled to some extent after that of England, has been supported by the Elector. This new constitution would establish a popular representation in a Diet or Congress of the provinces, and would extend liberty of speech and that of the press. The constitution would also seek to separate royal and state revenues, and make ministers swear an oath to the constitution, as well as implementing an impeachment system for ministers who break their oath. ;;;;;;;;;;;;;
staatsgrundgesetz_hanova_title;The Staatgrundgesetz;;;;;;;;;;;;;
staatsgrundgesetz_hanova_desc;The Staatsgrundgesetz, a constitution proposed by the estates and supported by cabinet minister Caspar Detlev von Schulte would liberalize our monarchy to appease the left and prevent a repetition of the events of 1830. It would combine the Generalsteuerkasse with the Königliche Generalkasse to a singular Steuerkasse and give the power to set our country's budget to the estates. The city of Hannover's magistrates that the government currently appoints would be made independent with a simple government veto right to their appointment, giving the city more autonomy. More importantly, it would open the upper house of the estates to farmers and the middle class. While staunch conservatives oppose this constitution, it is clearly necessary to maintain the stability of our country.;;;;;;;;;;;;;
althorpact_title;Althorp's Act;;;;;;;;;;;;;
althorpact_desc;The Factory Act, or Althorp's Act, would seek to establish a regular working day, specifically for children in the workforce. Children through the ages 9-12 are limited to 48 hours of work per week, children under the age of 9 would not be allowed in factories (apart from silk mills), children under the age of 18 are not allowed to work at night, children through the ages 9-13 must not work more than 8 hours a day with an hour lunchbreak, children through the ages 14-18 must not work more than 12 hours with an hour lunchbreak. The Act would also establish a Factory Inspectorate, and allow for routine factory inspections.;;;;;;;;;;;;;
AGRESSION_CONQUEST_ANY_NAME_EGY_PLS;The Peasants' Revolt in Palestine;;;;;;;;;;;;;
NORMAL_CONQUEST_ANY_NAME_EGY_PLS;The Peasants' Revolt in Palestine;;;;;;;;;;;;;
AGRESSION_CONQUEST_ANY_NAME_EGY_ALA;The Alawite Revolt;;;;;;;;;;;;;
NORMAL_CONQUEST_ANY_NAME_EGY_ALA;The Alawite Revolt;;;;;;;;;;;;;
FRANKFURTERWACHENSTURMOPT;Divided we stand, united we fall?;;;;;;;;;;;;;
RESTORERSARGQUOTEUNQUOTEOPT;Y'all better watch out for the federales.;;;;;;;;;;;;;
KRAKOWCONSTITUTION1833OPT;Then again, when did we have the power to enforce our independence?;;;;;;;;;;;;;
munchengratz_conference_title;The Münchengrätz Conference;;;;;;;;;;;;;
munchengratz_conference_desc;The Ottomans' fate is inextricably tied to the welfare and security of Central and Eastern Europe. Having been pushed out of the Levant by Egypt, there is an increased risk that the Ottoman Empire may fall and disrupt the balance of power maintained after Napoleon's defeat. Austrian Chancellor Klemens von Metternich, therefore, proposes petitioning our former allies in the Holy Alliance--Prussia and Russia--to act together with us to maintain the Ottomans' stability. This would ensure no one power exerts total control over the Ottomans' domestic and foreign policies--least of all Russia, who gained the ability to close the Dardanelles to foreign trade at will in the Treaty of Unkiar Skelessi. We would also ensure a symbolic preservation of the conservative status quo as each of the monarchies in the former Holy Alliance battle surges of liberalism.;;;;;;;;;;;;;
MUNCHENGRATZA;The Münchengrätz Conference;;;;;;;;;;;;;
MUNCHENGRATZB;The Münchengrätz Conference Fails;;;;;;;;;;;;;
MUNCHENGRATZC;The Münchengrätz Conference Succeeds;;;;;;;;;;;;;
academia_mihaleana_title;Academia Mihaileana;;;;;;;;;;;;;
academia_mihaleana_desc;Iasi lacks a higher learning institution. Perhaps the time has come to change that. We can promote intellectual Georghe Asachi's proposal for founding a new school in the city--one teaching both secondary and tertiary education.;;;;;;;;;;;;;
DEZUIDAFRIKAANOPT;Die Zuid-Afrikaan, uitgawe 1.;;;;;;;;;;;;;
NOONGARMASSACREOPT;Sufficiently exemplary.;;;;;;;;;;;;;
end_ottoman_oppression_title;End the Ottoman Oppression!;;;;;;;;;;;;;
end_ottoman_oppression_desc;The Greek uprisings have done what the western world, and even the Ottoman sultan have considered all but impossible. Without any foreign assistance, the Greek people have thrown out their oppressors from the seat of power in Constantinople, and have laid claim to all that was previously taken from them in centuries past. The city is once again ours, and we can recenter the eastern world once again around that of Constantinople, the city of kings!;;;;;;;;;;;;;
end_ottoman_partisan_title;End the Partisan Raids;;;;;;;;;;;;;
end_ottoman_partisan_desc;Ever since the independence of the Rhomaion state, the local Turkish population and loyalists to the old Sultan's regime have raided the Greek countryside, wreaking havoc on the state's income and on the national economy. With a proper Rhomaion army finally put together, the Ottoman raids can be put to an end, and the perpetrators rightfully put to death.;;;;;;;;;;;;;
end_bureaucratic_rot_title;Clean up the Bureaucracy;;;;;;;;;;;;;
end_bureaucratic_rot_desc;With the Rhomaion state in power once again, one of the greatest weaknesses it unfortunately inherited from the Ottoman empire was a disloyal and rotting bureaucratic structure. With a hefty investment into a bureaucratic reform program, this can be dealt with.;;;;;;;;;;;;;
intervention_italy_1848_title;Intervention in Italy;;;;;;;;;;;;;
expand_germanization_1_title;Expand the Germanization Program;;;;;;;;;;;;;
expand_germanization_1_desc;The process of Germanization, thus far, has been rather slow and small in scale. However, with the realm centralized, it is only natural that these policies be expanded, though it will be costly.;;;;;;;;;;;;;
expand_germanization_2_title;Expand the Germanization Program;;;;;;;;;;;;;
expand_germanization_2_desc;As time wears on, the Germanization program must be further expanded so that the Austrian Empire can bring about yet more central control.;;;;;;;;;;;;;
integrate_naples_title;Integrate the Neapolitan Crown;;;;;;;;;;;;;
integrate_naples_desc;In the aftermath of the Spanish War of Succession, the crown of Naples was awarded in the peace deal to the Hapsburg monarchy. A valuable part of the realm, the Hapsburgs ruled over it over the course of the early 1700s, until losing it in the 1730s to the Bourbon dukes of Parma. With Italy placed under Austrian supervision, this unjust loss can finally be reversed, and Naples restored to its rightful place within the empire.;;;;;;;;;;;;;
EVTNAME00001;The Maroto Controversy;;;;;;;;;;;;;
EVTNAME00002;The Death of Carlos of Molina;;;;;;;;;;;;;
EVTNAME00003;The Death of Carlos VI;;;;;;;;;;;;;
EVTNAME00004;The Death of Juan III;;;;;;;;;;;;;
EVTNAME00005;The Death of Carlos of Madrid;;;;;;;;;;;;;
EVTNAME00006;The Death of Jaime III;;;;;;;;;;;;;
EVTNAME00007;The Portuguese Crisis;;;;;;;;;;;;;
EVTNAME00008;The Restoration of Miguel I;;;;;;;;;;;;;
EVTNAME00009;The Second Coronation of Miguel I;;;;;;;;;;;;;
EVTNAME00010;The Quiet Ceremony;;;;;;;;;;;;;
EVTNAME00011;The Duchy of Portugal;;;;;;;;;;;;;
EVTNAME00016;The Fueros Debate - Carlos of Molina;;;;;;;;;;;;;
EVTNAME00017;The Fueros Debate - Carlos VI;;;;;;;;;;;;;
EVTNAME00018;Carlos VI's Plan;;;;;;;;;;;;;
EVTNAME00019;Assassination Attempt on Carlos VI;;;;;;;;;;;;;
EVTNAME00020;The Flames of Liberalism;;;;;;;;;;;;;
EVTNAME00021;Carlos VI Triumphant;;;;;;;;;;;;;
EVTNAME00022;The Liberal Triumph;;;;;;;;;;;;;
EVTNAME00023;The Fueros Debate - Juan III;;;;;;;;;;;;;
EVTNAME00024;Juan III's Proposal;;;;;;;;;;;;;
EVTNAME00025;Unrest in Catalonia and the Basque Country;;;;;;;;;;;;;
EVTNAME00026;The Rise of Catalan and Basque Nationalism;;;;;;;;;;;;;
EVTNAME00027;The Fueros Debate - Carlos VII;;;;;;;;;;;;;
EVTNAME00028;Carlos VII's Solution;;;;;;;;;;;;;
EVTNAME00029;The Fueros Debate;;;;;;;;;;;;;
EVTNAME00030;The Fueros Debate;;;;;;;;;;;;;
EVTNAME00031;The Fueros Debate;;;;;;;;;;;;;
EVTNAME00032;The Fueros Debate;;;;;;;;;;;;;
EVTNAME00033;The Fueros Debate;;;;;;;;;;;;;
EVTNAME00034;The Fueros Debate;;;;;;;;;;;;;
EVTNAME00035;The Fueros Debate;;;;;;;;;;;;;
EVTNAME00036;The Resolution of the Fueros Debate;;;;;;;;;;;;;
EVTNAME00037;The Papacy Under Threat;;;;;;;;;;;;;
EVTNAME00038;The Ecclesiastical War - Spanish Victory;;;;;;;;;;;;;
EVTNAME00039;Spanish Victory;;;;;;;;;;;;;
EVTNAME00040;The Ecclesiastical War - Papal Italy;;;;;;;;;;;;;
EVTNAME00041;The Ecclesiastical War - Divided Italy;;;;;;;;;;;;;
EVTNAME00042;The Ecclesiastical War - Italy Victorious;;;;;;;;;;;;;
EVTNAME00043;The Sacrilege Controversy;;;;;;;;;;;;;
EVTNAME00044;Intervention in Belgium?;;;;;;;;;;;;;
EVTNAME00045;Intervention in Belgium?;;;;;;;;;;;;;
EVTNAME00046;The Dutch Accept;;;;;;;;;;;;;
EVTNAME00047;The Dutch Refuse;;;;;;;;;;;;;
EVTNAME00048;Victory in Belgium;;;;;;;;;;;;;
EVTNAME00049;Instability of the Bourbon Regime;;;;;;;;;;;;;
EVTNAME00050;Succession of Louis XIX;;;;;;;;;;;;;
EVTNAME00051;The Death of Louis XIX;;;;;;;;;;;;;
EVTNAME00056;The Land Crisis;;;;;;;;;;;;;
EVTNAME00057;Nobility in the Army;;;;;;;;;;;;;
EVTNAME00058;Republican Coup;;;;;;;;;;;;;
EVTNAME00059;Coup Attempt thwarted;;;;;;;;;;;;;
EVTNAME00060;Bourbon Victory;;;;;;;;;;;;;
EVTNAME00061;Republican Victory;;;;;;;;;;;;;
EVTNAME00062;The Arpitan Movement;;;;;;;;;;;;;
EVTNAME00064;Securing France;;;;;;;;;;;;;
land_crisis_fixed_title;End the Land Crisis;;;;;;;;;;;;;
land_crisis_fixed_desc;The land crisis that began in the 1830s has become an increasingly large pain in the side of the Bourbon administration, torn between the pull of popular opinion and modernization, and the opinions of the aristocracy that make up the backbone of the monarchy's support. With the continuing introduction of more efficient technologies into the French economy, the government finally has an opportunity to bring a definitive end to the agricultural crisis.;;;;;;;;;;;;;
EVTNAME00065;Resolving the Land Crisis;;;;;;;;;;;;;
EVTNAME00066;La Légion Royale;;;;;;;;;;;;;
EVTNAME00075;German Policy;;;;;;;;;;;;;
EVTNAME00076;Bourbon offer of neutrality;;;;;;;;;;;;;
EVTNAME00077;$FROMCOUNTRY$ declines;;;;;;;;;;;;;
EVTNAME00078;The Treaty of Strasbourg;;;;;;;;;;;;;
EVTNAME00080;Confederazione Italiana;;;;;;;;;;;;;
EVTDESC00080;With the rise of the Bourbon Empire as a unified entity, it has come to pass that, inevitably, mutual security become more important than individual squabbles over such issues as Italian unification. A proposal has come into government circles of a Confederazione Italiana, a confederation of the Italian states into a single, loosely unified state, capable of withstanding the Bourbon Empire, or at least do so more reasonably than various disunited principalities.;;;;;;;;;;;;;
EVTNAME00081;Joining the Confederazione Italiana;;;;;;;;;;;;;
EVTDESC00081;Event to make sure people join it.;;;;;;;;;;;;;
EVTNAME00082;Manifesto on German Unity;;;;;;;;;;;;;
EVTDESC00082;With the formation of the Bourbon Empire on the border of the German Confederation, fears of French reprisal against Germany, irrespective of any prior guarantees or relationships. The German realms have gathered together to unite into a single federal state, without respect for the rivalry between Austria and Prussia to unify under a single banner, under hopes of stemming the tide of Bourbon expansion.;;;;;;;;;;;;;
EVTNAME00083;Manifesto on German Unity;;;;;;;;;;;;;
EVTDESC00083;Event to make sure everyone gets annexed;;;;;;;;;;;;;
EVTNAME00084;Manifesto on German Unity;;;;;;;;;;;;;
EVTDESC00084;Germany is uniting due to the Bourbon threat, with or without us.;;;;;;;;;;;;;
EVTNAME00085;Manifesto on German Unity;;;;;;;;;;;;;
EVTDESC00085;Germany is uniting with or without us. If we join, our empire will be forfeit.;;;;;;;;;;;;;
EVTNAME00086;The Declaration of Prague;;;;;;;;;;;;;
EVTDESC00086;In the aftermath of the Bourbon Empire's declaration, the geopolitical situation in Europe has rapidly altered its course in response. Fears of a Franco-Spanish domineering force across the European continent has spurred on a fearful response unseen since the days of Napoleon Bonaparte himself. The brazen violation of the treaty of Utrecht has not gone unnoticed, and the beginnings of an international coalition have come into being. A declaration has been issued from the powers, meeting in Prague, declaring the state of the Bourbon Empire to be an illegitimate construct of a state and an existential threat to peace in Europe. It is expected that within a year, the empires of Europe will make their move. Whether we weather the storm or not will determine if the Bourbon Empire has a future in the world to begin with.;;;;;;;;;;;;;
EVTNAME00087;The Second War of Spanish Succession;;;;;;;;;;;;;
EVTDESC00087;The powers of Europe have now made their move, in hopes of putting an end to the personal union between Spain and France. With little room for error and little chance of leniency should the French nation fail to assert itself for a third time in recent memory, the result of this war will determine the fate of both realms, perhaps for the rest of the century.;;;;;;;;;;;;;
EVTNAME00088;The Coalition of Prague;;;;;;;;;;;;;
EVTDESC00088;As per the Declaration of Prague we are an interested party to the dismantling of the Bourbon Empire. It is in our best interest to take part in this war, though we can always choose to back out if it is necessary.;;;;;;;;;;;;;
EVTNAME00089;The Peace of Lubeck;;;;;;;;;;;;;
EVTDESC00089;Despite our best efforts, the realm of the Bourbon Empire has been beaten and broken by the vast efforts of the coalition levied against it. In the aftermath of the war, the Empire has been forced to split into its constituent parts, neither of which permitted to house the House de Bourbon any longer, but rather emplaced under responsible governments set up by the victors to ensure this situation never occurs again. The Empire is broken, and will likely never rise again.;;;;;;;;;;;;;
EVTNAME00116;Integrating Poland;;;;;;;;;;;;;
EVTDESC00116;Ever since the Polish Partition, the Poles have long languished under foreign rule, including our own. However, whilst the Prussians and Russians have oppressed Poles to a great degree, the Austrian Empire has given to them a relatively light burden, compared to the struggles they face elsewhere. With the conquest of Poland complete, the kingdom can be integrated into the empire wholesale.;;;;;;;;;;;;;
EVTNAME00117;The Greek Revolution - Total Defeat;;;;;;;;;;;;;
EVTDESC00117;The unthinkable has happened. Despite our best efforts, the Greek revolution has achieved even its most ludicrous goals, beating us back time and time again across the Balkan provinces and throwing our empire into utter chaos. With the leadership of the empire crumbling outright, we have been forced to come to terms with the upstarts, ceding the whole of our Greek balkan provinces and the Anatolian coastline to the upstart rebels, and ceding the rest of our disconnected holdings either to independent states or to the very same Greeks. Our empire has reached a low unseen ever before, and this humiliation will not be soon forgotten.;;;;;;;;;;;;;
EVTNAME00118;The Basileia tos Rhomaion;;;;;;;;;;;;;
EVTDESC00118;With the success of the revolution being far more than nigh any could have predicted, the beginnings of what can only be the finest hour in Rhomaion history are at hand. While the government may not yet be formed, only a provisional government under various bickering revolutionary leaders present, and the constitution is as of yet a greatly new concept, the ecstatic Greek citizens have already taken to calling the newly independent state the 'Basileia tos Rhomaion,' the new Roman Empire. With the city of Constantinople in Greek hands, and the Aegaean sea controlled on both sides by the meteorically rising state, there is little reason to not accept this title as it stands.;;;;;;;;;;;;;
EVTNAME00119;An empire...of rot.;;;;;;;;;;;;;
EVTDESC00119;While the Greek people may yet call this the true Basileia tos Rhomaion, the Roman Empire, the state inherited by the revolution is anything but the glorious empire it claims pretense to. Despite the victory of the revolution, state control over the vast territory of land inherited from the Ottoman sultanate is loose at best, roaming bands of Turkish and Albanian irregulars still roaming the countryside and raiding Greek settlements, the bureaucracy is greatly strained, the political leadership of the nation is dominated by infighting, and a great deal of officials have questionable loyalties at best to the security of the Rhomaion state. It may yet be an empire, but it has a long way to go to being a true successor to the thrones of old.;;;;;;;;;;;;;
EVTNAME00129;The Provisional Rhomaion Government;;;;;;;;;;;;;
EVTDESC00129;The Rhomaion state is currently in the midst of a tenuous provisional government, headed by Andreas Zaimis, a conservative appointed as the head of the government as an interrim leader until the revolution could be successful. With the revolution successful, and international mediation having failed, the crisis of power can be delayed no longer. There are many leaders, with many differing interests for what the Greek state should be. There is Theodoros Kolokotronis, the head of the Russian faction of government, and a firm advocate for a strong Rhomaion monarchy backed by the Tsar, there is Alexandros Mavrokordatos, the former writer of the Hellene constitution, but criticized for structuring it around his own power and influence, Yannis Makriyannis, a moderate liberal and firm advocate of constitutionalism, Petrobey Mavromachalis, a natural local leader whose family has kept the Ottomans back for a long time, and Nikitaras, known as the Turk Eater for his fervent and principled war effort against the Ottoman Sultan. Whomever is chosen as the successor by Zaimis will determine the fate of the Rhomaion state for years to come.;;;;;;;;;;;;;
EVTNAME00121;The Agenda of Kolokotronis;;;;;;;;;;;;;
EVTDESC00121;Kolokotronis has emerged from the initial bout of succession as the emergent power in domestic Rhomaion affairs. A firm and devout supporter of the Russian faction of politics, the Rhomaion state is expected to lean heavily into the Russian Tsardom's sphere of influence under his guidance. Furthermore, it is highly likely that he will seek to instate a Russian prince as monarch of the empire. It is doubtless that in time the English and French factions of politics will come to find great disagreement in the leadership of the realm, but that matters little.;;;;;;;;;;;;;
EVTNAME00122;A Russian Monarch?;;;;;;;;;;;;;
EVTDESC00122;It is no secret that with Kolokotronis in charge, the Russian faction of Rhomaion politics has sway in the highest branches of government, and the power to enact great change in this crucial time for development in the state. As such, it was inevitable that they use their majority to appoint a Russian prince, the Grand Duke Nicholas Nikolaevich, as king of the Rhomaion state, forming it from a mere republic into a true kingdom, supported by its natural and ancient ally in Russia to the north. While this will surely displease many constitutionalists and liberals, these sentiments will undoubtedly fall to the wayside in the face of a true monarch's benevolent rule.;;;;;;;;;;;;;
EVTNAME00123;The Opposition of Mavrokordatos;;;;;;;;;;;;;
EVTDESC00123;Mavrokordatos, the writer who put to pen the first Greek constitution, has increasingly come to blows with the current Rhomaion state government from his power base in the western reaches of the country. Having built the bureaucracy of the state around himself, it has proven difficult to dislodge him from his support base in the west without bringing about a second civil war in the country. Should we choose to leave him be, he will continue to prove a nuisance to Rhomaion state affairs for quite some time, but should we take this to a military conclusion, it is inevitable that the result be a renewal of armed hostilities in the western reaches of the state.;;;;;;;;;;;;;
EVTNAME00124;Nicholas the Wastrel;;;;;;;;;;;;;
EVTDESC00124;Nicholas, the great king of the Rhomaion state, has unfortunately begun to prove himself as less than great in practice as a monarch. While his ascention has all but guaranteed continued friendship with the Russian Tsardom, it has quickly become apparent that Nicholas was never properly trained to rule this newly independent state through these turbulent opening years. A chronic wastrel, he has taken to rampant spending and partying instead of ruling the empire he was handed, and instead of using his own estate, he has also taken to using up state funds to do so. To add further insult to injury, he has proven himself greatly interested in military affairs, forcing military reorganization to make himself the head of the Rhomaion armed forces, and already the former military leadership of the revolution has found his leadership distinctly lacking, and unfortunately too stubborn to placate. His continued rule may well prove to be disastrous for the people of the Rhomaion state.;;;;;;;;;;;;;
EVTNAME00125;The Slavic Mandate;;;;;;;;;;;;;
EVTDESC00125;Despite the great many failings of the Russian monarch ruling over the Rhomaion state, one great boon has been brought to light in recent times. With a Russian orthodox monarch at the helm of the kingdom, the character of the nation has been made such that integration of Slavic peoples in the realm will be far smoother and easier than it would otherwise be, as fears of Rhomaion domination of their communities would be greatly unfounded when the state is itself run by a Slavophile royal house. This has proven to dissuade independence movements and even encourage integration amongst the Slavic peoples of the realm.;;;;;;;;;;;;;
EVTNAME00126;Nicholas the Bastard;;;;;;;;;;;;;
EVTDESC00126;Yet more controversy has arisen regarding the king of the Rhomaion state, as it has come to light that the king has long been engaged in an affair with a mistress, and has remained indiscreet with this affair, leading to a public breakup with his wife, Alexanda Petrovina of Oldenburg, and the discovery of multiple bastard sires in this affair. His hopes had been to ultimately divorce his own wife in favor of this mistress, but these hopes have been dashed in light of the affair being discovered and brought to the public, and the refusal of his wife to grant the divorce he seeks in order to remarry the mistress he sought. This has brought great humiliation to the state and to foreign dignitaries representing the kingdom.;;;;;;;;;;;;;
EVTNAME00127;Nicholas the Mad;;;;;;;;;;;;;
EVTDESC00127;In recent days, the behavior of the king has grown increasingly erratic, particularly following the death of his mistress, Catherine Chislova. His hopes to marry her have in recent months been dashed, as his wife, who long refused a divorce that would render this affair a potentially legal marriage, has now proven herself to outlive this very same mistress. Perhaps from grief, perhaps from a long hidden madness kept hidden from public, or perhaps from the oral cancer he suffers now having spread to his brain, the king has become a mad ruler, attacking the courtiers in his palace like a wild beast, spending far more lavishly than ever before, and growing ever more erratic on the daily. His rule has now become more disastrous than ever.;;;;;;;;;;;;;
EVTNAME00128;The Internment of Nicholas;;;;;;;;;;;;;
EVTDESC00128;As the madness of Nicholas has grown ever more apparent to the governing bodies of state, so too has the need to remove him from office become a necessity for the survival of the state. With his son, the presumptive heir in Nicholas the Younger, heading the movement to depose him, it would seem his rule has come to an inglorious end.;;;;;;;;;;;;;
EVTNAME00200;The Restoration of Etrutia;;;;;;;;;;;;;
EVTDESC00200;The Kingdom of Etruria was a short-lived kingdom in the Italian peninsula, created by Napoleon I as a form of compensation to the Spanish line of Bourbon-Parma, and ultimately dissolved in 1815. With our success in overturning this aspect of the congress of Vienna, the kingdom can be restored, securing further Bourbon gains in the Italian peninsula.;;;;;;;;;;;;;
EVTNAME00201;The Treaty of Milan;;;;;;;;;;;;;
EVTNAME00204;The Carlist War;;;;;;;;;;;;;
EVTNAME00205;French Intervention victorious;;;;;;;;;;;;;
EVTNAME00206;French Intervention defeated;;;;;;;;;;;;;
EVTNAME00208;Distributism in Cuba;;;;;;;;;;;;;
