key;english;;;;;;;;;;;;;
EVTDESC806;\n\nThe garrison at the formidable Fortress of Luxemburg has mutinied and joined Belgium.;;;;;;;;;;;;;
EVTDESC20041209;\n\nTo balance the technologies of the countries, we halve the research points at the start.;;;;;;;;;;;;;
EVTDESC127841;\n\nAfter more than 5 years of fighting guerilla warfare and Javanese rebels, we finally pacified our lands in Java.;;;;;;;;;;;;;
EVTDESC127850;\n\nAfter more than 5 years of fight against the Dutch, we finally won against our colonizers.;;;;;;;;;;;;;
EVTDESC127843;\n\nAfter more than 5 years of fight against the Dutch, we lost our independence and lands to the Dutch.;;;;;;;;;;;;;
EVTDESC127844;\n\nAfter more than 5 years of fighting guerilla warfare and Javanese rebels, we catastrophically lost our control over Java, and our domination over the East Indies is weaker by the day.;;;;;;;;;;;;;
EVTDESC34336466;\n\nOur allies in Asir have risen up against the Zaydi to establish a kingdom in the.;;;;;;;;;;;;;
EVTDESC97140;\n\nAs a consequence of a dispute between Argentina and Brazil known as the Palmas Question, the Brazilian government has called for US president Stephen Grover Cleveland to mediate the conflict.;;;;;;;;;;;;;
EVTDESC47083;\n\n$FROMCOUNTRY$ is proposing a navigation treaty to delimit our borders and establish river transport regulations. While this would please Brazil, we would thereby give up our claims on a lot of land.;;;;;;;;;;;;;
EVTDESC993895;\n\nWith our victory in the Civil War our control of Mexico is now uncontested.;;;;;;;;;;;;;
EVTDESC993898;\n\nStop messing with Ethiopia's formation!;;;;;;;;;;;;;
EVTDESC45110;\n\nThe Dominicans have caused us much pain and suffering. Perhaps the time has come to end the troubles they cause once and for all by deporting them?;;;;;;;;;;;;;
EVTDESC111010;\n\nSanta Anna has become deeply unpopular with the Mexican people and general staff, leading to a revolution by Juan Álvarez, Tom¡s Moreno, and Nicol¡s Bravo to depose him. Without support, he was ousted almost bloodlessly.;;;;;;;;;;;;;
EVTDESC20041214;\n\nThe Ecuadorians have used our momentary vulnerability due to our war with Bolivia to tear up the Pando-Noboa Treaty and claim Tumbes and Ja©n once again.;;;;;;;;;;;;;
EVTDESC23453236;\n\nWithout a land connection to Massawa, its owners can no longer defend it. We will therefore take it over.;;;;;;;;;;;;;
EVTDESC23453237;\n\nWithout a land connection to Massawa, the owners of Asmara have taken it over.;;;;;;;;;;;;;
EVTDESC54678982;\n\nWithout a land connection to Gembu, its owners can no longer defend it. We will therefore take it over.;;;;;;;;;;;;;
EVTDESC54678981;\n\nWithout a land connection to Gembu, the owners of Fusap have taken it over.;;;;;;;;;;;;;
EVTDESC54679008;\n\nWithout a land connection to Santa B¡rbara, its owners can no longer defend it. We will therefore take it over.;;;;;;;;;;;;;
EVTDESC54679009;\n\nWithout a land connection to Santa B¡rbara, the owners of La Esmeralda have taken it over.;;;;;;;;;;;;;
EVTDESC54679030;\n\nWithout a land connection to Duba, its owners can no longer defend it. We will therefore take it over.;;;;;;;;;;;;;
EVTDESC54679031;\n\nWithout a land connection to Duba, the owners of Umluj have taken it over.;;;;;;;;;;;;;
EVTDESC54679036;\n\nWithout a land connection to Tendrara, its owners can no longer defend it. We will therefore take it over.;;;;;;;;;;;;;
EVTDESC54679037;\n\nWithout a land connection to Tendrara, the owners of Taza have taken it over.;;;;;;;;;;;;;
EVTDESC565643235;\n\nWithout a land connection to Iquitos, its owners can no longer defend it. We will therefore take it over.;;;;;;;;;;;;;
EVTDESC565643234;\n\nWithout a land connection to Iquitos, the owners of San Roque have taken it over.;;;;;;;;;;;;;
EVTDESC233642;\n\nWithout a land connection to Punta Por¡, its owners can no longer defend it. We will therefore take it over.;;;;;;;;;;;;;
EVTDESC233641;\n\nWithout a land connection to Punta Por¡, the owners of Campo Grande have taken it over.;;;;;;;;;;;;;
EVTDESC233636;\n\nWithout a land connection to Tonantins, its owners can no longer defend it. We will therefore take it over.;;;;;;;;;;;;;
EVTDESC233635;\n\nWithout a land connection to Tonantins, the owners of El Encanto have taken it over.;;;;;;;;;;;;;
EVTDESC123527;\n\nNow that we have manifested our destiny by conquering all this land from Mexico, we have inherited the problem of the rebellious Indian tribes.;;;;;;;;;;;;;
EVTDESC4207040;\n\nAfter defeating Mexico in the war, we now must negotiate how much land we shall take.;;;;;;;;;;;;;
EVTDESC123564;\n\nAfter losing the Mexican-American war, we are forced to accept the American demands through the Treaty of Guadalupe-Hidalgo.;;;;;;;;;;;;;
EVTDESC123566;\n\nAfter losing the Mexican-American war, we are forced to accept the American demands through the Treaty of Guadalupe-Hidalgo.;;;;;;;;;;;;;
EVTDESC123570;\n\nThe time has come to integrate our vassal, the Khanate of Bukhara into our empire.;;;;;;;;;;;;;
EVTDESC777770403;\n\nThis decision is to inform you the following events will allow you to dismantle recent enemies.;;;;;;;;;;;;;
EVTDESC777770406;\n\nWe will now be dismantled.;;;;;;;;;;;;;
EVTDESC777770407;\n\nAI: Dismantlement Setup;;;;;;;;;;;;;
EVTDESC777770408;\n\nAI: Dismantlement Event Trigger;;;;;;;;;;;;;
EVTDESC777770410;\n\nOur freedom is being considered.;;;;;;;;;;;;;
EVTDESC777770411;\n\nOur puppethood by $FROMCOUNTRY_ADJ$ is under review.;;;;;;;;;;;;;
EVTDESC777770412;\n\nOur $FROMCOUNTRY_ADJ$ cores are being considered.;;;;;;;;;;;;;
EVTDESC777770420;\n\nThe concept of $FROMCOUNTRY$ is present within the borders of the defeated, should we demand the creation of a $FROMCOUNTRY_ADJ$ state?;;;;;;;;;;;;;
EVTDESC777770421;\n\n$FROMCOUNTRY$ is a puppet regime, should we reorganize their government?;;;;;;;;;;;;;
EVTDESC777770422;\n\nLands claimed by $FROMCOUNTRY$ are present in the defeated state, should we demand these are returned?;;;;;;;;;;;;;
EVTDESC777770423;\n\nThe concept of $FROMCOUNTRY$ is present within the borders of the defeated, should we demand the creation of a $FROMCOUNTRY_ADJ$ state?;;;;;;;;;;;;;
EVTDESC777770424;\n\n$FROMCOUNTRY$ is a puppet regime, should we reorganize their government?;;;;;;;;;;;;;
EVTDESC777770425;\n\nLands claimed by $FROMCOUNTRY$ are present in the defeated state, should we demand these are returned?;;;;;;;;;;;;;
EVTDESC777770426;\n\nThe concept of $FROMCOUNTRY$ is present within the borders of the defeated, should we demand the creation of a $FROMCOUNTRY_ADJ$ state?;;;;;;;;;;;;;
EVTDESC777770427;\n\n$FROMCOUNTRY$ is a puppet regime, should we reorganize their government?;;;;;;;;;;;;;
EVTDESC777770428;\n\nLands claimed by $FROMCOUNTRY$ are present in the defeated state, should we demand these are returned?;;;;;;;;;;;;;
EVTDESC777770429;\n\nThe concept of $FROMCOUNTRY$ is present within the borders of the defeated, should we demand the creation of a $FROMCOUNTRY_ADJ$ state?;;;;;;;;;;;;;
EVTDESC777770800;\n\n$FROMCOUNTRY$ is a puppet regime, should we reorganize their government?;;;;;;;;;;;;;
EVTDESC777770801;\n\nLands claimed by $FROMCOUNTRY$ are present in the defeated state, should we demand these are returned?;;;;;;;;;;;;;
EVTDESC777770802;\n\nThe concept of $FROMCOUNTRY$ is present within the borders of the defeated, should we demand the creation of a $FROMCOUNTRY_ADJ$ state?;;;;;;;;;;;;;
EVTDESC777770803;\n\n$FROMCOUNTRY$ is a puppet regime, should we reorganize their government?;;;;;;;;;;;;;
EVTDESC777770804;\n\nLands claimed by $FROMCOUNTRY$ are present in the defeated state, should we demand these are returned?;;;;;;;;;;;;;
EVTDESC777770805;\n\nThe concept of $FROMCOUNTRY$ is present within the borders of the defeated, should we demand the creation of a $FROMCOUNTRY_ADJ$ state?;;;;;;;;;;;;;
EVTDESC777770806;\n\n$FROMCOUNTRY$ is a puppet regime, should we reorganize their government?;;;;;;;;;;;;;
EVTDESC777770807;\n\nLands claimed by $FROMCOUNTRY$ are present in the defeated state, should we demand these are returned?;;;;;;;;;;;;;
EVTDESC777770430;\n\nOur freedom is currently being discussed by the victors;;;;;;;;;;;;;
EVTDESC777770431;\n\nOur puppethood is currently being discussed by the victors;;;;;;;;;;;;;
EVTDESC777770432;\n\nOur cores is currently being discussed by the victors;;;;;;;;;;;;;
EVTDESC777770440;\n\nOur freedom is being considered by the Conference Chair!;;;;;;;;;;;;;
EVTDESC777770441;\n\nOur puppethood is being considered by the Conference Chair!;;;;;;;;;;;;;
EVTDESC777770442;\n\nOur cores are being considered by the Conference Chair!;;;;;;;;;;;;;
EVTDESC777770450;\n\nThe Conference Chair wishes to create a $FROMCOUNTRY$. The proposal overwrites current plans, How do we respond?;;;;;;;;;;;;;
EVTDESC777770451;\n\nThe Conference Chair wishes to create a $FROMCOUNTRY$. The proposal does not overwrite current plans, How do we respond?;;;;;;;;;;;;;
EVTDESC777770452;\n\nThe Conference Chair does not care about $FROMCOUNTRY$. Should we propose our own plans?;;;;;;;;;;;;;
EVTDESC777770453;\n\nThe Conference Chair as rejected independence for $FROMCOUNTRY$. How do we respond?;;;;;;;;;;;;;
EVTDESC777770454;\n\nThe Conference Chair wishes to annex $FROMCOUNTRY$. How do we respond?;;;;;;;;;;;;;
EVTDESC777770455;\n\nThe Conference Chair wishes to puppet $FROMCOUNTRY$. How do we respond?;;;;;;;;;;;;;
EVTDESC777770456;\n\nThe Conference Chair wishes to intergrate $FROMCOUNTRY$ into a larger union!;;;;;;;;;;;;;
EVTDESC777770460;\n\nThe Conference Chair wishes to free $FROMCOUNTRY$ from puppethood. How do we respond?;;;;;;;;;;;;;
EVTDESC777770461;\n\nThe Conference Chair wishes to puppet $FROMCOUNTRY$ from puppethood. How do we respond?;;;;;;;;;;;;;
EVTDESC777770462;\n\nThe Conference Chair doesnt give a damn about $FROMCOUNTRY$. How do we respond?;;;;;;;;;;;;;
EVTDESC777770463;\n\nThe Conference Chair wishes to leave $FROMCOUNTRY$ as a puppet. How do we respond?;;;;;;;;;;;;;
EVTDESC777770464;\n\nThe Conference Chairs wishes to annex $FROMCOUNTRY$. How do we respond?;;;;;;;;;;;;;
EVTDESC777770465;\n\nThe Conference Chair wishes to intergrate $FROMCOUNTRY$ to a larger state!;;;;;;;;;;;;;
EVTDESC777770470;\n\nThe Conference Chair wishes to liberate $FROMCOUNTRY_ADJ$ cores. The proposal overwrites current plans.;;;;;;;;;;;;;
EVTDESC777770471;\n\nThe Conference Chair wishes to create a $FROMCOUNTRY$. The proposal does not overwrite current plans, How do we respond?;;;;;;;;;;;;;
EVTDESC777770472;\n\nThe Conference Chair does not care about $FROMCOUNTRY$. Should we propose our own plans?;;;;;;;;;;;;;
EVTDESC777770473;\n\nThe Conference Chair has rejected returning land to $FROMCOUNTRY$. How do we respond?;;;;;;;;;;;;;
EVTDESC777770474;\n\nThe Conference Chair wishes to annex $FROMCOUNTRY$ cores. How do we respond?;;;;;;;;;;;;;
EVTDESC777770480;\n\n$FROMCOUNTRY$ is deciding our fate.;;;;;;;;;;;;;
EVTDESC777770481;\n\nOur puppethood is under review, at the request of $FROMCOUNTRY$.;;;;;;;;;;;;;
EVTDESC777770482;\n\n$FROMCOUNTRY$ is making a suggestion on our cores.;;;;;;;;;;;;;
EVTDESC777770490;\n\nThe concept of $FROMCOUNTRY$ is present within the borders of the defeated, should we demand the creation of a $FROMCOUNTRY_ADJ$ state?;;;;;;;;;;;;;
EVTDESC777770491;\n\n$FROMCOUNTRY$ is a puppet regime, should we reorganize their government?;;;;;;;;;;;;;
EVTDESC777770492;\n\nLands claimed by $FROMCOUNTRY$ are present in the defeated state, should we demand these are returned?;;;;;;;;;;;;;
EVTDESC777770500;\n\nOur freedom is currently being discussed by the victors;;;;;;;;;;;;;
EVTDESC777770501;\n\nOur puppethood is currently being discussed by the victors;;;;;;;;;;;;;
EVTDESC777770502;\n\nOur cores are currently being discussed by the victors;;;;;;;;;;;;;
EVTDESC777770510;\n\nOur freedom is being considered by a Secondary Victor!;;;;;;;;;;;;;
EVTDESC777770511;\n\nOur freedom from puppethood is being considered by a Secondary Victor!;;;;;;;;;;;;;
EVTDESC777770512;\n\nOur cores are being considered by a Secondary Victor!;;;;;;;;;;;;;
EVTDESC777770520;\n\nThe Conference Chair wishes to create a $FROMCOUNTRY$. The proposal overwrites current plans, How do we respond?;;;;;;;;;;;;;
EVTDESC777770521;\n\nThe Conference Chair wishes to create a $FROMCOUNTRY$. The proposal does not overwrite current plans, How do we respond?;;;;;;;;;;;;;
EVTDESC777770522;\n\nThe Conference Chair does not care about $FROMCOUNTRY$. Should we propose our own plans?;;;;;;;;;;;;;
EVTDESC777770523;\n\nThe Conference Chair as rejected independence for $FROMCOUNTRY$. How do we respond?;;;;;;;;;;;;;
EVTDESC777770524;\n\nThe Conference Chair wishes to annex $FROMCOUNTRY$. How do we respond?;;;;;;;;;;;;;
EVTDESC777770525;\n\nThe Conference Chair wishes to puppet $FROMCOUNTRY$. How do we respond?;;;;;;;;;;;;;
EVTDESC777770530;\n\nThe Conference Chair wishes to free $FROMCOUNTRY$ from puppethood. How do we respond?;;;;;;;;;;;;;
EVTDESC777770531;\n\nThe Conference Chair wishes to puppet $FROMCOUNTRY$ from puppethood. How do we respond?;;;;;;;;;;;;;
EVTDESC777770532;\n\nThe Conference Chair doesnt give a damn about $FROMCOUNTRY$. How do we respond?;;;;;;;;;;;;;
EVTDESC777770533;\n\nThe Conference Chair wishes to leave $FROMCOUNTRY$ as a puppet. How do we respond?;;;;;;;;;;;;;
EVTDESC777770534;\n\nThe Conference Chair wishes to annex $FROMCOUNTRY$. How do we respond?;;;;;;;;;;;;;
EVTDESC777770550;\n\nWe have been released by the recent dismantlement;;;;;;;;;;;;;
EVTDESC777770551;\n\nWe have been given nothing from dismantlement;;;;;;;;;;;;;
EVTDESC777770552;\n\nWe have been freed by the recent dismantlement;;;;;;;;;;;;;
EVTDESC777770553;\n\nOur status has not changed!;;;;;;;;;;;;;
EVTDESC777770554;\n\nWe have been given new lands by the recent dismantlement;;;;;;;;;;;;;
EVTDESC777770555;\n\nWe have been puppeted by the recent dismantlement;;;;;;;;;;;;;
EVTDESC777770556;\n\nWe have been annexed from dismantlement;;;;;;;;;;;;;
EVTDESC777770557;\n\nWe are to form a larger state!;;;;;;;;;;;;;
EVTDESC777771100;\n\nOur $FROMCOUNTRY_ADJ$ cores are being considered.;;;;;;;;;;;;;
EVTDESC777771200;\n\nOur $FROMCOUNTRY_ADJ$ cores are being considered.;;;;;;;;;;;;;
EVTDESC777771103;\n\nOur $FROMCOUNTRY_ADJ$ cores are being considered.;;;;;;;;;;;;;
EVTDESC777771203;\n\nOur $FROMCOUNTRY_ADJ$ cores are being considered.;;;;;;;;;;;;;
EVTDESC777771105;\n\nOur $FROMCOUNTRY_ADJ$ cores are being considered.;;;;;;;;;;;;;
EVTDESC777771205;\n\nOur $FROMCOUNTRY_ADJ$ cores are being considered.;;;;;;;;;;;;;
EVTDESC777771106;\n\nOur $FROMCOUNTRY_ADJ$ cores are being considered.;;;;;;;;;;;;;
EVTDESC777771206;\n\nOur $FROMCOUNTRY_ADJ$ cores are being considered.;;;;;;;;;;;;;
EVTDESC777771107;\n\nOur $FROMCOUNTRY_ADJ$ cores are being considered.;;;;;;;;;;;;;
EVTDESC777771207;\n\nOur $FROMCOUNTRY_ADJ$ cores are being considered.;;;;;;;;;;;;;
EVTDESC777771108;\n\nOur $FROMCOUNTRY_ADJ$ cores are being considered.;;;;;;;;;;;;;
EVTDESC777771208;\n\nOur $FROMCOUNTRY_ADJ$ cores are being considered.;;;;;;;;;;;;;
EVTDESC777771109;\n\nOur $FROMCOUNTRY_ADJ$ cores are being considered.;;;;;;;;;;;;;
EVTDESC777771209;\n\nOur $FROMCOUNTRY_ADJ$ cores are being considered.;;;;;;;;;;;;;
EVTDESC777771111;\n\nOur $FROMCOUNTRY_ADJ$ cores are being considered.;;;;;;;;;;;;;
EVTDESC777771211;\n\nOur $FROMCOUNTRY_ADJ$ cores are being considered.;;;;;;;;;;;;;
EVTDESC777771112;\n\nOur $FROMCOUNTRY_ADJ$ cores are being considered.;;;;;;;;;;;;;
EVTDESC777771212;\n\nOur $FROMCOUNTRY_ADJ$ cores are being considered.;;;;;;;;;;;;;
EVTDESC777771113;\n\nOur $FROMCOUNTRY_ADJ$ cores are being considered.;;;;;;;;;;;;;
EVTDESC777771213;\n\nOur $FROMCOUNTRY_ADJ$ cores are being considered.;;;;;;;;;;;;;
EVTDESC777771114;\n\nOur $FROMCOUNTRY_ADJ$ cores are being considered.;;;;;;;;;;;;;
EVTDESC777771214;\n\nOur $FROMCOUNTRY_ADJ$ cores are being considered.;;;;;;;;;;;;;
EVTDESC777771115;\n\nOur $FROMCOUNTRY_ADJ$ cores are being considered.;;;;;;;;;;;;;
EVTDESC777771215;\n\nOur $FROMCOUNTRY_ADJ$ cores are being considered.;;;;;;;;;;;;;
EVTDESC777771116;\n\nOur $FROMCOUNTRY_ADJ$ cores are being considered.;;;;;;;;;;;;;
EVTDESC777771216;\n\nOur $FROMCOUNTRY_ADJ$ cores are being considered.;;;;;;;;;;;;;
EVTDESC777771117;\n\nOur $FROMCOUNTRY_ADJ$ cores are being considered.;;;;;;;;;;;;;
EVTDESC777771217;\n\nOur $FROMCOUNTRY_ADJ$ cores are being considered.;;;;;;;;;;;;;
EVTDESC777771118;\n\nOur $FROMCOUNTRY_ADJ$ cores are being considered.;;;;;;;;;;;;;
EVTDESC777771218;\n\nOur $FROMCOUNTRY_ADJ$ cores are being considered.;;;;;;;;;;;;;
EVTDESC777771119;\n\nOur $FROMCOUNTRY_ADJ$ cores are being considered.;;;;;;;;;;;;;
EVTDESC777771219;\n\nOur $FROMCOUNTRY_ADJ$ cores are being considered.;;;;;;;;;;;;;
EVTDESC777771120;\n\nOur $FROMCOUNTRY_ADJ$ cores are being considered.;;;;;;;;;;;;;
EVTDESC777771220;\n\nOur $FROMCOUNTRY_ADJ$ cores are being considered.;;;;;;;;;;;;;
EVTDESC777771121;\n\nOur $FROMCOUNTRY_ADJ$ cores are being considered.;;;;;;;;;;;;;
EVTDESC777771122;\n\nOur $FROMCOUNTRY_ADJ$ cores are being considered.;;;;;;;;;;;;;
EVTDESC777771221;\n\nOur $FROMCOUNTRY_ADJ$ cores are being considered.;;;;;;;;;;;;;
EVTDESC777771222;\n\nOur $FROMCOUNTRY_ADJ$ cores are being considered.;;;;;;;;;;;;;
EVTDESC777771122;\n\nOur $FROMCOUNTRY_ADJ$ cores are being considered.;;;;;;;;;;;;;
EVTDESC777771222;\n\nOur $FROMCOUNTRY_ADJ$ cores are being considered.;;;;;;;;;;;;;
EVTDESC777771303;\n\nThe concept of $FROMCOUNTRY$ is present within the borders of the defeated, should we demand the creation of a $FROMCOUNTRY_ADJ$ state?;;;;;;;;;;;;;
EVTDESC777771403;\n\n$FROMCOUNTRY$ is a puppet regime, should we reorganize their government?;;;;;;;;;;;;;
EVTDESC777771305;\n\nThe concept of $FROMCOUNTRY$ is present within the borders of the defeated, should we demand the creation of a $FROMCOUNTRY_ADJ$ state?;;;;;;;;;;;;;
EVTDESC777771405;\n\n$FROMCOUNTRY$ is a puppet regime, should we reorganize their government?;;;;;;;;;;;;;
EVTDESC777771306;\n\nThe concept of $FROMCOUNTRY$ is present within the borders of the defeated, should we demand the creation of a $FROMCOUNTRY_ADJ$ state?;;;;;;;;;;;;;
EVTDESC777771406;\n\n$FROMCOUNTRY$ is a puppet regime, should we reorganize their government?;;;;;;;;;;;;;
EVTDESC777771307;\n\nThe concept of $FROMCOUNTRY$ is present within the borders of the defeated, should we demand the creation of a $FROMCOUNTRY_ADJ$ state?;;;;;;;;;;;;;
EVTDESC777771407;\n\n$FROMCOUNTRY$ is a puppet regime, should we reorganize their government?;;;;;;;;;;;;;
EVTDESC777771308;\n\nThe concept of $FROMCOUNTRY$ is present within the borders of the defeated, should we demand the creation of a $FROMCOUNTRY_ADJ$ state?;;;;;;;;;;;;;
EVTDESC777771408;\n\n$FROMCOUNTRY$ is a puppet regime, should we reorganize their government?;;;;;;;;;;;;;
EVTDESC777771309;\n\nThe concept of $FROMCOUNTRY$ is present within the borders of the defeated, should we demand the creation of a $FROMCOUNTRY_ADJ$ state?;;;;;;;;;;;;;
EVTDESC777771409;\n\n$FROMCOUNTRY$ is a puppet regime, should we reorganize their government?;;;;;;;;;;;;;
EVTDESC777771311;\n\nThe concept of $FROMCOUNTRY$ is present within the borders of the defeated, should we demand the creation of a $FROMCOUNTRY_ADJ$ state?;;;;;;;;;;;;;
EVTDESC777771411;\n\n$FROMCOUNTRY$ is a puppet regime, should we reorganize their government?;;;;;;;;;;;;;
EVTDESC777771312;\n\nThe concept of $FROMCOUNTRY$ is present within the borders of the defeated, should we demand the creation of a $FROMCOUNTRY_ADJ$ state?;;;;;;;;;;;;;
EVTDESC777771412;\n\n$FROMCOUNTRY$ is a puppet regime, should we reorganize their government?;;;;;;;;;;;;;
EVTDESC777771313;\n\nThe concept of $FROMCOUNTRY$ is present within the borders of the defeated, should we demand the creation of a $FROMCOUNTRY_ADJ$ state?;;;;;;;;;;;;;
EVTDESC777771413;\n\n$FROMCOUNTRY$ is a puppet regime, should we reorganize their government?;;;;;;;;;;;;;
EVTDESC777771314;\n\nThe concept of $FROMCOUNTRY$ is present within the borders of the defeated, should we demand the creation of a $FROMCOUNTRY_ADJ$ state?;;;;;;;;;;;;;
EVTDESC777771414;\n\n$FROMCOUNTRY$ is a puppet regime, should we reorganize their government?;;;;;;;;;;;;;
EVTDESC777771315;\n\nThe concept of $FROMCOUNTRY$ is present within the borders of the defeated, should we demand the creation of a $FROMCOUNTRY_ADJ$ state?;;;;;;;;;;;;;
EVTDESC777771415;\n\n$FROMCOUNTRY$ is a puppet regime, should we reorganize their government?;;;;;;;;;;;;;
EVTDESC777771316;\n\nThe concept of $FROMCOUNTRY$ is present within the borders of the defeated, should we demand the creation of a $FROMCOUNTRY_ADJ$ state?;;;;;;;;;;;;;
EVTDESC777771416;\n\n$FROMCOUNTRY$ is a puppet regime, should we reorganize their government?;;;;;;;;;;;;;
EVTDESC777771317;\n\nThe concept of $FROMCOUNTRY$ is present within the borders of the defeated, should we demand the creation of a $FROMCOUNTRY_ADJ$ state?;;;;;;;;;;;;;
EVTDESC777771417;\n\n$FROMCOUNTRY$ is a puppet regime, should we reorganize their government?;;;;;;;;;;;;;
EVTDESC777771318;\n\nThe concept of $FROMCOUNTRY$ is present within the borders of the defeated, should we demand the creation of a $FROMCOUNTRY_ADJ$ state?;;;;;;;;;;;;;
EVTDESC777771418;\n\n$FROMCOUNTRY$ is a puppet regime, should we reorganize their government?;;;;;;;;;;;;;
EVTDESC777771319;\n\nThe concept of $FROMCOUNTRY$ is present within the borders of the defeated, should we demand the creation of a $FROMCOUNTRY_ADJ$ state?;;;;;;;;;;;;;
EVTDESC777771419;\n\n$FROMCOUNTRY$ is a puppet regime, should we reorganize their government?;;;;;;;;;;;;;
EVTDESC777771320;\n\nThe concept of $FROMCOUNTRY$ is present within the borders of the defeated, should we demand the creation of a $FROMCOUNTRY_ADJ$ state?;;;;;;;;;;;;;
EVTDESC777771322;\n\nThe concept of $FROMCOUNTRY$ is present within the borders of the defeated, should we demand the creation of a $FROMCOUNTRY_ADJ$ state?;;;;;;;;;;;;;
EVTDESC777771321;\n\nThe concept of $FROMCOUNTRY$ is present within the borders of the defeated, should we demand the creation of a $FROMCOUNTRY_ADJ$ state?;;;;;;;;;;;;;
EVTDESC777771420;\n\n$FROMCOUNTRY$ is a puppet regime, should we reorganize their government?;;;;;;;;;;;;;
EVTDESC777771421;\n\n$FROMCOUNTRY$ is a puppet regime, should we reorganize their government?;;;;;;;;;;;;;
EVTDESC777771422;\n\n$FROMCOUNTRY$ is a puppet regime, should we reorganize their government?;;;;;;;;;;;;;
EVTDESC777772003;\n\nThe concept of $FROMCOUNTRY$ is present within the borders of the defeated, should we demand the creation of a $FROMCOUNTRY_ADJ$ state?;;;;;;;;;;;;;
EVTDESC777772103;\n\n$FROMCOUNTRY$ is a puppet regime, should we reorganize their government?;;;;;;;;;;;;;
EVTDESC777772005;\n\nThe concept of $FROMCOUNTRY$ is present within the borders of the defeated, should we demand the creation of a $FROMCOUNTRY_ADJ$ state?;;;;;;;;;;;;;
EVTDESC777772105;\n\n$FROMCOUNTRY$ is a puppet regime, should we reorganize their government?;;;;;;;;;;;;;
EVTDESC777772006;\n\nThe concept of $FROMCOUNTRY$ is present within the borders of the defeated, should we demand the creation of a $FROMCOUNTRY_ADJ$ state?;;;;;;;;;;;;;
EVTDESC777772106;\n\n$FROMCOUNTRY$ is a puppet regime, should we reorganize their government?;;;;;;;;;;;;;
EVTDESC777772007;\n\nThe concept of $FROMCOUNTRY$ is present within the borders of the defeated, should we demand the creation of a $FROMCOUNTRY_ADJ$ state?;;;;;;;;;;;;;
EVTDESC777772107;\n\n$FROMCOUNTRY$ is a puppet regime, should we reorganize their government?;;;;;;;;;;;;;
EVTDESC777772008;\n\nThe concept of $FROMCOUNTRY$ is present within the borders of the defeated, should we demand the creation of a $FROMCOUNTRY_ADJ$ state?;;;;;;;;;;;;;
EVTDESC777772108;\n\n$FROMCOUNTRY$ is a puppet regime, should we reorganize their government?;;;;;;;;;;;;;
EVTDESC777772009;\n\nThe concept of $FROMCOUNTRY$ is present within the borders of the defeated, should we demand the creation of a $FROMCOUNTRY_ADJ$ state?;;;;;;;;;;;;;
EVTDESC777772109;\n\n$FROMCOUNTRY$ is a puppet regime, should we reorganize their government?;;;;;;;;;;;;;
EVTDESC777772011;\n\nThe concept of $FROMCOUNTRY$ is present within the borders of the defeated, should we demand the creation of a $FROMCOUNTRY_ADJ$ state?;;;;;;;;;;;;;
EVTDESC777772111;\n\n$FROMCOUNTRY$ is a puppet regime, should we reorganize their government?;;;;;;;;;;;;;
EVTDESC777772012;\n\nThe concept of $FROMCOUNTRY$ is present within the borders of the defeated, should we demand the creation of a $FROMCOUNTRY_ADJ$ state?;;;;;;;;;;;;;
EVTDESC777772112;\n\n$FROMCOUNTRY$ is a puppet regime, should we reorganize their government?;;;;;;;;;;;;;
EVTDESC777772013;\n\nThe concept of $FROMCOUNTRY$ is present within the borders of the defeated, should we demand the creation of a $FROMCOUNTRY_ADJ$ state?;;;;;;;;;;;;;
EVTDESC777772113;\n\n$FROMCOUNTRY$ is a puppet regime, should we reorganize their government?;;;;;;;;;;;;;
EVTDESC777772014;\n\nThe concept of $FROMCOUNTRY$ is present within the borders of the defeated, should we demand the creation of a $FROMCOUNTRY_ADJ$ state?;;;;;;;;;;;;;
EVTDESC777772114;\n\n$FROMCOUNTRY$ is a puppet regime, should we reorganize their government?;;;;;;;;;;;;;
EVTDESC777772015;\n\nThe concept of $FROMCOUNTRY$ is present within the borders of the defeated, should we demand the creation of a $FROMCOUNTRY_ADJ$ state?;;;;;;;;;;;;;
EVTDESC777772115;\n\n$FROMCOUNTRY$ is a puppet regime, should we reorganize their government?;;;;;;;;;;;;;
EVTDESC777772016;\n\nThe concept of $FROMCOUNTRY$ is present within the borders of the defeated, should we demand the creation of a $FROMCOUNTRY_ADJ$ state?;;;;;;;;;;;;;
EVTDESC777772116;\n\n$FROMCOUNTRY$ is a puppet regime, should we reorganize their government?;;;;;;;;;;;;;
EVTDESC777772017;\n\nThe concept of $FROMCOUNTRY$ is present within the borders of the defeated, should we demand the creation of a $FROMCOUNTRY_ADJ$ state?;;;;;;;;;;;;;
EVTDESC777772117;\n\n$FROMCOUNTRY$ is a puppet regime, should we reorganize their government?;;;;;;;;;;;;;
EVTDESC777772018;\n\nThe concept of $FROMCOUNTRY$ is present within the borders of the defeated, should we demand the creation of a $FROMCOUNTRY_ADJ$ state?;;;;;;;;;;;;;
EVTDESC777772118;\n\n$FROMCOUNTRY$ is a puppet regime, should we reorganize their government?;;;;;;;;;;;;;
EVTDESC777772019;\n\nThe concept of $FROMCOUNTRY$ is present within the borders of the defeated, should we demand the creation of a $FROMCOUNTRY_ADJ$ state?;;;;;;;;;;;;;
EVTDESC777772119;\n\n$FROMCOUNTRY$ is a puppet regime, should we reorganize their government?;;;;;;;;;;;;;
EVTDESC777772020;\n\nThe concept of $FROMCOUNTRY$ is present within the borders of the defeated, should we demand the creation of a $FROMCOUNTRY_ADJ$ state?;;;;;;;;;;;;;
EVTDESC777772022;\n\nThe concept of $FROMCOUNTRY$ is present within the borders of the defeated, should we demand the creation of a $FROMCOUNTRY_ADJ$ state?;;;;;;;;;;;;;
EVTDESC777772021;\n\nThe concept of $FROMCOUNTRY$ is present within the borders of the defeated, should we demand the creation of a $FROMCOUNTRY_ADJ$ state?;;;;;;;;;;;;;
EVTDESC777772120;\n\n$FROMCOUNTRY$ is a puppet regime, should we reorganize their government?;;;;;;;;;;;;;
EVTDESC777772121;\n\n$FROMCOUNTRY$ is a puppet regime, should we reorganize their government?;;;;;;;;;;;;;
EVTDESC777772122;\n\n$FROMCOUNTRY$ is a puppet regime, should we reorganize their government?;;;;;;;;;;;;;
EVTDESC777772203;\n\nThe concept of $FROMCOUNTRY$ is present within the borders of the defeated, should we demand the creation of a $FROMCOUNTRY_ADJ$ state?;;;;;;;;;;;;;
EVTDESC777772303;\n\n$FROMCOUNTRY$ is a puppet regime, should we reorganize their government?;;;;;;;;;;;;;
EVTDESC777772205;\n\nThe concept of $FROMCOUNTRY$ is present within the borders of the defeated, should we demand the creation of a $FROMCOUNTRY_ADJ$ state?;;;;;;;;;;;;;
EVTDESC777772305;\n\n$FROMCOUNTRY$ is a puppet regime, should we reorganize their government?;;;;;;;;;;;;;
EVTDESC777772206;\n\nThe concept of $FROMCOUNTRY$ is present within the borders of the defeated, should we demand the creation of a $FROMCOUNTRY_ADJ$ state?;;;;;;;;;;;;;
EVTDESC777772306;\n\n$FROMCOUNTRY$ is a puppet regime, should we reorganize their government?;;;;;;;;;;;;;
EVTDESC777772207;\n\nThe concept of $FROMCOUNTRY$ is present within the borders of the defeated, should we demand the creation of a $FROMCOUNTRY_ADJ$ state?;;;;;;;;;;;;;
EVTDESC777772307;\n\n$FROMCOUNTRY$ is a puppet regime, should we reorganize their government?;;;;;;;;;;;;;
EVTDESC777772208;\n\nThe concept of $FROMCOUNTRY$ is present within the borders of the defeated, should we demand the creation of a $FROMCOUNTRY_ADJ$ state?;;;;;;;;;;;;;
EVTDESC777772308;\n\n$FROMCOUNTRY$ is a puppet regime, should we reorganize their government?;;;;;;;;;;;;;
EVTDESC777772209;\n\nThe concept of $FROMCOUNTRY$ is present within the borders of the defeated, should we demand the creation of a $FROMCOUNTRY_ADJ$ state?;;;;;;;;;;;;;
EVTDESC777772309;\n\n$FROMCOUNTRY$ is a puppet regime, should we reorganize their government?;;;;;;;;;;;;;
EVTDESC777772211;\n\nThe concept of $FROMCOUNTRY$ is present within the borders of the defeated, should we demand the creation of a $FROMCOUNTRY_ADJ$ state?;;;;;;;;;;;;;
EVTDESC777772311;\n\n$FROMCOUNTRY$ is a puppet regime, should we reorganize their government?;;;;;;;;;;;;;
EVTDESC777772212;\n\nThe concept of $FROMCOUNTRY$ is present within the borders of the defeated, should we demand the creation of a $FROMCOUNTRY_ADJ$ state?;;;;;;;;;;;;;
EVTDESC777772312;\n\n$FROMCOUNTRY$ is a puppet regime, should we reorganize their government?;;;;;;;;;;;;;
EVTDESC777772213;\n\nThe concept of $FROMCOUNTRY$ is present within the borders of the defeated, should we demand the creation of a $FROMCOUNTRY_ADJ$ state?;;;;;;;;;;;;;
EVTDESC777772313;\n\n$FROMCOUNTRY$ is a puppet regime, should we reorganize their government?;;;;;;;;;;;;;
EVTDESC777772214;\n\nThe concept of $FROMCOUNTRY$ is present within the borders of the defeated, should we demand the creation of a $FROMCOUNTRY_ADJ$ state?;;;;;;;;;;;;;
EVTDESC777772314;\n\n$FROMCOUNTRY$ is a puppet regime, should we reorganize their government?;;;;;;;;;;;;;
EVTDESC777772215;\n\nThe concept of $FROMCOUNTRY$ is present within the borders of the defeated, should we demand the creation of a $FROMCOUNTRY_ADJ$ state?;;;;;;;;;;;;;
EVTDESC777772315;\n\n$FROMCOUNTRY$ is a puppet regime, should we reorganize their government?;;;;;;;;;;;;;
EVTDESC777772216;\n\nThe concept of $FROMCOUNTRY$ is present within the borders of the defeated, should we demand the creation of a $FROMCOUNTRY_ADJ$ state?;;;;;;;;;;;;;
EVTDESC777772316;\n\n$FROMCOUNTRY$ is a puppet regime, should we reorganize their government?;;;;;;;;;;;;;
EVTDESC777772217;\n\nThe concept of $FROMCOUNTRY$ is present within the borders of the defeated, should we demand the creation of a $FROMCOUNTRY_ADJ$ state?;;;;;;;;;;;;;
EVTDESC777772317;\n\n$FROMCOUNTRY$ is a puppet regime, should we reorganize their government?;;;;;;;;;;;;;
EVTDESC777772218;\n\nThe concept of $FROMCOUNTRY$ is present within the borders of the defeated, should we demand the creation of a $FROMCOUNTRY_ADJ$ state?;;;;;;;;;;;;;
EVTDESC777772318;\n\n$FROMCOUNTRY$ is a puppet regime, should we reorganize their government?;;;;;;;;;;;;;
EVTDESC777772219;\n\nThe concept of $FROMCOUNTRY$ is present within the borders of the defeated, should we demand the creation of a $FROMCOUNTRY_ADJ$ state?;;;;;;;;;;;;;
EVTDESC777772319;\n\n$FROMCOUNTRY$ is a puppet regime, should we reorganize their government?;;;;;;;;;;;;;
EVTDESC777772220;\n\nThe concept of $FROMCOUNTRY$ is present within the borders of the defeated, should we demand the creation of a $FROMCOUNTRY_ADJ$ state?;;;;;;;;;;;;;
EVTDESC777772222;\n\nThe concept of $FROMCOUNTRY$ is present within the borders of the defeated, should we demand the creation of a $FROMCOUNTRY_ADJ$ state?;;;;;;;;;;;;;
EVTDESC777772221;\n\nThe concept of $FROMCOUNTRY$ is present within the borders of the defeated, should we demand the creation of a $FROMCOUNTRY_ADJ$ state?;;;;;;;;;;;;;
EVTDESC777772320;\n\n$FROMCOUNTRY$ is a puppet regime, should we reorganize their government?;;;;;;;;;;;;;
EVTDESC777772321;\n\n$FROMCOUNTRY$ is a puppet regime, should we reorganize their government?;;;;;;;;;;;;;
EVTDESC777772322;\n\n$FROMCOUNTRY$ is a puppet regime, should we reorganize their government?;;;;;;;;;;;;;
EVTDESC777772403;\n\nThe concept of $FROMCOUNTRY$ is present within the borders of the defeated, should we demand the creation of a $FROMCOUNTRY_ADJ$ state?;;;;;;;;;;;;;
EVTDESC777772503;\n\n$FROMCOUNTRY$ is a puppet regime, should we reorganize their government?;;;;;;;;;;;;;
EVTDESC777772405;\n\nThe concept of $FROMCOUNTRY$ is present within the borders of the defeated, should we demand the creation of a $FROMCOUNTRY_ADJ$ state?;;;;;;;;;;;;;
EVTDESC777772505;\n\n$FROMCOUNTRY$ is a puppet regime, should we reorganize their government?;;;;;;;;;;;;;
EVTDESC777772406;\n\nThe concept of $FROMCOUNTRY$ is present within the borders of the defeated, should we demand the creation of a $FROMCOUNTRY_ADJ$ state?;;;;;;;;;;;;;
EVTDESC777772506;\n\n$FROMCOUNTRY$ is a puppet regime, should we reorganize their government?;;;;;;;;;;;;;
EVTDESC777772407;\n\nThe concept of $FROMCOUNTRY$ is present within the borders of the defeated, should we demand the creation of a $FROMCOUNTRY_ADJ$ state?;;;;;;;;;;;;;
EVTDESC777772507;\n\n$FROMCOUNTRY$ is a puppet regime, should we reorganize their government?;;;;;;;;;;;;;
EVTDESC777772408;\n\nThe concept of $FROMCOUNTRY$ is present within the borders of the defeated, should we demand the creation of a $FROMCOUNTRY_ADJ$ state?;;;;;;;;;;;;;
EVTDESC777772508;\n\n$FROMCOUNTRY$ is a puppet regime, should we reorganize their government?;;;;;;;;;;;;;
EVTDESC777772409;\n\nThe concept of $FROMCOUNTRY$ is present within the borders of the defeated, should we demand the creation of a $FROMCOUNTRY_ADJ$ state?;;;;;;;;;;;;;
EVTDESC777772509;\n\n$FROMCOUNTRY$ is a puppet regime, should we reorganize their government?;;;;;;;;;;;;;
EVTDESC777772411;\n\nThe concept of $FROMCOUNTRY$ is present within the borders of the defeated, should we demand the creation of a $FROMCOUNTRY_ADJ$ state?;;;;;;;;;;;;;
EVTDESC777772511;\n\n$FROMCOUNTRY$ is a puppet regime, should we reorganize their government?;;;;;;;;;;;;;
EVTDESC777772412;\n\nThe concept of $FROMCOUNTRY$ is present within the borders of the defeated, should we demand the creation of a $FROMCOUNTRY_ADJ$ state?;;;;;;;;;;;;;
EVTDESC777772512;\n\n$FROMCOUNTRY$ is a puppet regime, should we reorganize their government?;;;;;;;;;;;;;
EVTDESC777772413;\n\nThe concept of $FROMCOUNTRY$ is present within the borders of the defeated, should we demand the creation of a $FROMCOUNTRY_ADJ$ state?;;;;;;;;;;;;;
EVTDESC777772513;\n\n$FROMCOUNTRY$ is a puppet regime, should we reorganize their government?;;;;;;;;;;;;;
EVTDESC777772414;\n\nThe concept of $FROMCOUNTRY$ is present within the borders of the defeated, should we demand the creation of a $FROMCOUNTRY_ADJ$ state?;;;;;;;;;;;;;
EVTDESC777772514;\n\n$FROMCOUNTRY$ is a puppet regime, should we reorganize their government?;;;;;;;;;;;;;
EVTDESC777772415;\n\nThe concept of $FROMCOUNTRY$ is present within the borders of the defeated, should we demand the creation of a $FROMCOUNTRY_ADJ$ state?;;;;;;;;;;;;;
EVTDESC777772515;\n\n$FROMCOUNTRY$ is a puppet regime, should we reorganize their government?;;;;;;;;;;;;;
EVTDESC777772416;\n\nThe concept of $FROMCOUNTRY$ is present within the borders of the defeated, should we demand the creation of a $FROMCOUNTRY_ADJ$ state?;;;;;;;;;;;;;
EVTDESC777772516;\n\n$FROMCOUNTRY$ is a puppet regime, should we reorganize their government?;;;;;;;;;;;;;
EVTDESC777772417;\n\nThe concept of $FROMCOUNTRY$ is present within the borders of the defeated, should we demand the creation of a $FROMCOUNTRY_ADJ$ state?;;;;;;;;;;;;;
EVTDESC777772517;\n\n$FROMCOUNTRY$ is a puppet regime, should we reorganize their government?;;;;;;;;;;;;;
EVTDESC777772418;\n\nThe concept of $FROMCOUNTRY$ is present within the borders of the defeated, should we demand the creation of a $FROMCOUNTRY_ADJ$ state?;;;;;;;;;;;;;
EVTDESC777772518;\n\n$FROMCOUNTRY$ is a puppet regime, should we reorganize their government?;;;;;;;;;;;;;
EVTDESC777772419;\n\nThe concept of $FROMCOUNTRY$ is present within the borders of the defeated, should we demand the creation of a $FROMCOUNTRY_ADJ$ state?;;;;;;;;;;;;;
EVTDESC777772519;\n\n$FROMCOUNTRY$ is a puppet regime, should we reorganize their government?;;;;;;;;;;;;;
EVTDESC777772420;\n\nThe concept of $FROMCOUNTRY$ is present within the borders of the defeated, should we demand the creation of a $FROMCOUNTRY_ADJ$ state?;;;;;;;;;;;;;
EVTDESC777772422;\n\nThe concept of $FROMCOUNTRY$ is present within the borders of the defeated, should we demand the creation of a $FROMCOUNTRY_ADJ$ state?;;;;;;;;;;;;;
EVTDESC777772421;\n\nThe concept of $FROMCOUNTRY$ is present within the borders of the defeated, should we demand the creation of a $FROMCOUNTRY_ADJ$ state?;;;;;;;;;;;;;
EVTDESC777772520;\n\n$FROMCOUNTRY$ is a puppet regime, should we reorganize their government?;;;;;;;;;;;;;
EVTDESC777772521;\n\n$FROMCOUNTRY$ is a puppet regime, should we reorganize their government?;;;;;;;;;;;;;
EVTDESC777772522;\n\n$FROMCOUNTRY$ is a puppet regime, should we reorganize their government?;;;;;;;;;;;;;
EVTDESC777772603;\n\nThe concept of $FROMCOUNTRY$ is present within the borders of the defeated, should we demand the creation of a $FROMCOUNTRY_ADJ$ state?;;;;;;;;;;;;;
EVTDESC777772703;\n\n$FROMCOUNTRY$ is a puppet regime, should we reorganize their government?;;;;;;;;;;;;;
EVTDESC777772605;\n\nThe concept of $FROMCOUNTRY$ is present within the borders of the defeated, should we demand the creation of a $FROMCOUNTRY_ADJ$ state?;;;;;;;;;;;;;
EVTDESC777772705;\n\n$FROMCOUNTRY$ is a puppet regime, should we reorganize their government?;;;;;;;;;;;;;
EVTDESC777772606;\n\nThe concept of $FROMCOUNTRY$ is present within the borders of the defeated, should we demand the creation of a $FROMCOUNTRY_ADJ$ state?;;;;;;;;;;;;;
EVTDESC777772706;\n\n$FROMCOUNTRY$ is a puppet regime, should we reorganize their government?;;;;;;;;;;;;;
EVTDESC777772607;\n\nThe concept of $FROMCOUNTRY$ is present within the borders of the defeated, should we demand the creation of a $FROMCOUNTRY_ADJ$ state?;;;;;;;;;;;;;
EVTDESC777772707;\n\n$FROMCOUNTRY$ is a puppet regime, should we reorganize their government?;;;;;;;;;;;;;
EVTDESC777772608;\n\nThe concept of $FROMCOUNTRY$ is present within the borders of the defeated, should we demand the creation of a $FROMCOUNTRY_ADJ$ state?;;;;;;;;;;;;;
EVTDESC777772708;\n\n$FROMCOUNTRY$ is a puppet regime, should we reorganize their government?;;;;;;;;;;;;;
EVTDESC777772609;\n\nThe concept of $FROMCOUNTRY$ is present within the borders of the defeated, should we demand the creation of a $FROMCOUNTRY_ADJ$ state?;;;;;;;;;;;;;
EVTDESC777772709;\n\n$FROMCOUNTRY$ is a puppet regime, should we reorganize their government?;;;;;;;;;;;;;
EVTDESC777772611;\n\nThe concept of $FROMCOUNTRY$ is present within the borders of the defeated, should we demand the creation of a $FROMCOUNTRY_ADJ$ state?;;;;;;;;;;;;;
EVTDESC777772711;\n\n$FROMCOUNTRY$ is a puppet regime, should we reorganize their government?;;;;;;;;;;;;;
EVTDESC777772612;\n\nThe concept of $FROMCOUNTRY$ is present within the borders of the defeated, should we demand the creation of a $FROMCOUNTRY_ADJ$ state?;;;;;;;;;;;;;
EVTDESC777772712;\n\n$FROMCOUNTRY$ is a puppet regime, should we reorganize their government?;;;;;;;;;;;;;
EVTDESC777772613;\n\nThe concept of $FROMCOUNTRY$ is present within the borders of the defeated, should we demand the creation of a $FROMCOUNTRY_ADJ$ state?;;;;;;;;;;;;;
EVTDESC777772713;\n\n$FROMCOUNTRY$ is a puppet regime, should we reorganize their government?;;;;;;;;;;;;;
EVTDESC777772614;\n\nThe concept of $FROMCOUNTRY$ is present within the borders of the defeated, should we demand the creation of a $FROMCOUNTRY_ADJ$ state?;;;;;;;;;;;;;
EVTDESC777772714;\n\n$FROMCOUNTRY$ is a puppet regime, should we reorganize their government?;;;;;;;;;;;;;
EVTDESC777772615;\n\nThe concept of $FROMCOUNTRY$ is present within the borders of the defeated, should we demand the creation of a $FROMCOUNTRY_ADJ$ state?;;;;;;;;;;;;;
EVTDESC777772715;\n\n$FROMCOUNTRY$ is a puppet regime, should we reorganize their government?;;;;;;;;;;;;;
EVTDESC777772616;\n\nThe concept of $FROMCOUNTRY$ is present within the borders of the defeated, should we demand the creation of a $FROMCOUNTRY_ADJ$ state?;;;;;;;;;;;;;
EVTDESC777772716;\n\n$FROMCOUNTRY$ is a puppet regime, should we reorganize their government?;;;;;;;;;;;;;
EVTDESC777772617;\n\nThe concept of $FROMCOUNTRY$ is present within the borders of the defeated, should we demand the creation of a $FROMCOUNTRY_ADJ$ state?;;;;;;;;;;;;;
EVTDESC777772717;\n\n$FROMCOUNTRY$ is a puppet regime, should we reorganize their government?;;;;;;;;;;;;;
EVTDESC777772618;\n\nThe concept of $FROMCOUNTRY$ is present within the borders of the defeated, should we demand the creation of a $FROMCOUNTRY_ADJ$ state?;;;;;;;;;;;;;
EVTDESC777772718;\n\n$FROMCOUNTRY$ is a puppet regime, should we reorganize their government?;;;;;;;;;;;;;
EVTDESC777772619;\n\nThe concept of $FROMCOUNTRY$ is present within the borders of the defeated, should we demand the creation of a $FROMCOUNTRY_ADJ$ state?;;;;;;;;;;;;;
EVTDESC777772719;\n\n$FROMCOUNTRY$ is a puppet regime, should we reorganize their government?;;;;;;;;;;;;;
EVTDESC777772620;\n\nThe concept of $FROMCOUNTRY$ is present within the borders of the defeated, should we demand the creation of a $FROMCOUNTRY_ADJ$ state?;;;;;;;;;;;;;
EVTDESC777772622;\n\nThe concept of $FROMCOUNTRY$ is present within the borders of the defeated, should we demand the creation of a $FROMCOUNTRY_ADJ$ state?;;;;;;;;;;;;;
EVTDESC777772621;\n\nThe concept of $FROMCOUNTRY$ is present within the borders of the defeated, should we demand the creation of a $FROMCOUNTRY_ADJ$ state?;;;;;;;;;;;;;
EVTDESC777772720;\n\n$FROMCOUNTRY$ is a puppet regime, should we reorganize their government?;;;;;;;;;;;;;
EVTDESC777772721;\n\nThe concept of $FROMCOUNTRY$ is present within the borders of the defeated, should we demand the creation of a $FROMCOUNTRY_ADJ$ state?;;;;;;;;;;;;;
EVTDESC777772722;\n\nThe concept of $FROMCOUNTRY$ is present within the borders of the defeated, should we demand the creation of a $FROMCOUNTRY_ADJ$ state?;;;;;;;;;;;;;
EVTDESC777772803;\n\nThe concept of $FROMCOUNTRY$ is present within the borders of the defeated, should we demand the creation of a $FROMCOUNTRY_ADJ$ state?;;;;;;;;;;;;;
EVTDESC777772903;\n\n$FROMCOUNTRY$ is a puppet regime, should we reorganize their government?;;;;;;;;;;;;;
EVTDESC777772805;\n\nThe concept of $FROMCOUNTRY$ is present within the borders of the defeated, should we demand the creation of a $FROMCOUNTRY_ADJ$ state?;;;;;;;;;;;;;
EVTDESC777772905;\n\n$FROMCOUNTRY$ is a puppet regime, should we reorganize their government?;;;;;;;;;;;;;
EVTDESC777772806;\n\nThe concept of $FROMCOUNTRY$ is present within the borders of the defeated, should we demand the creation of a $FROMCOUNTRY_ADJ$ state?;;;;;;;;;;;;;
EVTDESC777772906;\n\n$FROMCOUNTRY$ is a puppet regime, should we reorganize their government?;;;;;;;;;;;;;
EVTDESC777772807;\n\nThe concept of $FROMCOUNTRY$ is present within the borders of the defeated, should we demand the creation of a $FROMCOUNTRY_ADJ$ state?;;;;;;;;;;;;;
EVTDESC777772907;\n\n$FROMCOUNTRY$ is a puppet regime, should we reorganize their government?;;;;;;;;;;;;;
EVTDESC777772808;\n\nThe concept of $FROMCOUNTRY$ is present within the borders of the defeated, should we demand the creation of a $FROMCOUNTRY_ADJ$ state?;;;;;;;;;;;;;
EVTDESC777772908;\n\n$FROMCOUNTRY$ is a puppet regime, should we reorganize their government?;;;;;;;;;;;;;
EVTDESC777772809;\n\nThe concept of $FROMCOUNTRY$ is present within the borders of the defeated, should we demand the creation of a $FROMCOUNTRY_ADJ$ state?;;;;;;;;;;;;;
EVTDESC777772909;\n\n$FROMCOUNTRY$ is a puppet regime, should we reorganize their government?;;;;;;;;;;;;;
EVTDESC777772811;\n\nThe concept of $FROMCOUNTRY$ is present within the borders of the defeated, should we demand the creation of a $FROMCOUNTRY_ADJ$ state?;;;;;;;;;;;;;
EVTDESC777772911;\n\n$FROMCOUNTRY$ is a puppet regime, should we reorganize their government?;;;;;;;;;;;;;
EVTDESC777772812;\n\nThe concept of $FROMCOUNTRY$ is present within the borders of the defeated, should we demand the creation of a $FROMCOUNTRY_ADJ$ state?;;;;;;;;;;;;;
EVTDESC777772912;\n\n$FROMCOUNTRY$ is a puppet regime, should we reorganize their government?;;;;;;;;;;;;;
EVTDESC777772813;\n\nThe concept of $FROMCOUNTRY$ is present within the borders of the defeated, should we demand the creation of a $FROMCOUNTRY_ADJ$ state?;;;;;;;;;;;;;
EVTDESC777772913;\n\n$FROMCOUNTRY$ is a puppet regime, should we reorganize their government?;;;;;;;;;;;;;
EVTDESC777772814;\n\nThe concept of $FROMCOUNTRY$ is present within the borders of the defeated, should we demand the creation of a $FROMCOUNTRY_ADJ$ state?;;;;;;;;;;;;;
EVTDESC777772914;\n\n$FROMCOUNTRY$ is a puppet regime, should we reorganize their government?;;;;;;;;;;;;;
EVTDESC777772815;\n\nThe concept of $FROMCOUNTRY$ is present within the borders of the defeated, should we demand the creation of a $FROMCOUNTRY_ADJ$ state?;;;;;;;;;;;;;
EVTDESC777772915;\n\n$FROMCOUNTRY$ is a puppet regime, should we reorganize their government?;;;;;;;;;;;;;
EVTDESC777772816;\n\nThe concept of $FROMCOUNTRY$ is present within the borders of the defeated, should we demand the creation of a $FROMCOUNTRY_ADJ$ state?;;;;;;;;;;;;;
EVTDESC777772916;\n\n$FROMCOUNTRY$ is a puppet regime, should we reorganize their government?;;;;;;;;;;;;;
EVTDESC777772817;\n\nThe concept of $FROMCOUNTRY$ is present within the borders of the defeated, should we demand the creation of a $FROMCOUNTRY_ADJ$ state?;;;;;;;;;;;;;
EVTDESC777772917;\n\n$FROMCOUNTRY$ is a puppet regime, should we reorganize their government?;;;;;;;;;;;;;
EVTDESC777772818;\n\nThe concept of $FROMCOUNTRY$ is present within the borders of the defeated, should we demand the creation of a $FROMCOUNTRY_ADJ$ state?;;;;;;;;;;;;;
EVTDESC777772918;\n\n$FROMCOUNTRY$ is a puppet regime, should we reorganize their government?;;;;;;;;;;;;;
EVTDESC777772819;\n\nThe concept of $FROMCOUNTRY$ is present within the borders of the defeated, should we demand the creation of a $FROMCOUNTRY_ADJ$ state?;;;;;;;;;;;;;
EVTDESC777772919;\n\n$FROMCOUNTRY$ is a puppet regime, should we reorganize their government?;;;;;;;;;;;;;
EVTDESC777772820;\n\nThe concept of $FROMCOUNTRY$ is present within the borders of the defeated, should we demand the creation of a $FROMCOUNTRY_ADJ$ state?;;;;;;;;;;;;;
EVTDESC777772822;\n\nThe concept of $FROMCOUNTRY$ is present within the borders of the defeated, should we demand the creation of a $FROMCOUNTRY_ADJ$ state?;;;;;;;;;;;;;
EVTDESC777772821;\n\nThe concept of $FROMCOUNTRY$ is present within the borders of the defeated, should we demand the creation of a $FROMCOUNTRY_ADJ$ state?;;;;;;;;;;;;;
EVTDESC777772920;\n\n$FROMCOUNTRY$ is a puppet regime, should we reorganize their government?;;;;;;;;;;;;;
EVTDESC777772921;\n\nThe concept of $FROMCOUNTRY$ is present within the borders of the defeated, should we demand the creation of a $FROMCOUNTRY_ADJ$ state?;;;;;;;;;;;;;
EVTDESC777772922;\n\nThe concept of $FROMCOUNTRY$ is present within the borders of the defeated, should we demand the creation of a $FROMCOUNTRY_ADJ$ state?;;;;;;;;;;;;;
EVTDESC777770610;\n\nOur lands may be transferred though dismantlement.;;;;;;;;;;;;;
EVTDESC777770620;\n\n$FROMCOUNTRY$ is controlled by the defeated power, what should be done with it?;;;;;;;;;;;;;
EVTDESC777770621;\n\n$FROMCOUNTRY$ is controlled by the defeated power, what should be done with it?;;;;;;;;;;;;;
EVTDESC777770623;\n\n$FROMCOUNTRY$ is controlled by the defeated power, what should be done with it?;;;;;;;;;;;;;
EVTDESC777770630;\n\nThis event is used for the transfer of colonies!;;;;;;;;;;;;;
EVTDESC777770640;\n\nOur colony is being considered by the Conference Chair!;;;;;;;;;;;;;
EVTDESC777770650;\n\nThe Dismantlement Chair would like to obtain the $FROMCOUNTRY$ Colony. How do we respond?;;;;;;;;;;;;;
EVTDESC777770651;\n\nThe Dismantlement Chair is not interested in the $FROMCOUNTRY$ Colony.;;;;;;;;;;;;;
EVTDESC777770652;\n\nThe Dismantlement Chair would like the $FROMCOUNTRY$ colony to remain with the deafeated. How do we respond?;;;;;;;;;;;;;
EVTDESC777770653;\n\nThe Dismantlement Chair would like to organize $FROMCOUNTRY$ for independence. How do we respond?;;;;;;;;;;;;;
EVTDESC777770654;\n\nThe Dismantlement Chair would like to intergrate $FROMCOUNTRY$ into a larger colony. How do we respond?;;;;;;;;;;;;;
EVTDESC777770750;\n\nColony Transfer Event!;;;;;;;;;;;;;
EVTDESC777770751;\n\nColony Transfer Event!;;;;;;;;;;;;;
EVTDESC777771500;\n\n$FROMCOUNTRY$ is controlled by the defeated power, what should be done with it?;;;;;;;;;;;;;
EVTDESC777771502;\n\n$FROMCOUNTRY$ is controlled by the defeated power, what should be done with it?;;;;;;;;;;;;;
EVTDESC777771504;\n\n$FROMCOUNTRY$ is controlled by the defeated power, what should be done with it?;;;;;;;;;;;;;
EVTDESC777771508;\n\n$FROMCOUNTRY$ is controlled by the defeated power, what should be done with it?;;;;;;;;;;;;;
EVTDESC777771510;\n\n$FROMCOUNTRY$ is controlled by the defeated power, what should be done with it?;;;;;;;;;;;;;
EVTDESC777771512;\n\n$FROMCOUNTRY$ is controlled by the defeated power, what should be done with it?;;;;;;;;;;;;;
EVTDESC777771514;\n\n$FROMCOUNTRY$ is controlled by the defeated power, what should be done with it?;;;;;;;;;;;;;
EVTDESC777771518;\n\n$FROMCOUNTRY$ is controlled by the defeated power, what should be done with it?;;;;;;;;;;;;;
EVTDESC777771900;\n\n$FROMCOUNTRY$ is controlled by the defeated power, what should be done with it?;;;;;;;;;;;;;
EVTDESC777771902;\n\n$FROMCOUNTRY$ is controlled by the defeated power, what should be done with it?;;;;;;;;;;;;;
EVTDESC777771904;\n\n$FROMCOUNTRY$ is controlled by the defeated power, what should be done with it?;;;;;;;;;;;;;
EVTDESC777771908;\n\n$FROMCOUNTRY$ is controlled by the defeated power, what should be done with it?;;;;;;;;;;;;;
EVTDESC777771910;\n\n$FROMCOUNTRY$ is controlled by the defeated power, what should be done with it?;;;;;;;;;;;;;
EVTDESC777771912;\n\n$FROMCOUNTRY$ is controlled by the defeated power, what should be done with it?;;;;;;;;;;;;;
EVTDESC777771914;\n\n$FROMCOUNTRY$ is controlled by the defeated power, what should be done with it?;;;;;;;;;;;;;
EVTDESC777773000;\n\n$FROMCOUNTRY$ is controlled by the defeated power, what should be done with it?;;;;;;;;;;;;;
EVTDESC777773002;\n\n$FROMCOUNTRY$ is controlled by the defeated power, what should be done with it?;;;;;;;;;;;;;
EVTDESC777773004;\n\n$FROMCOUNTRY$ is controlled by the defeated power, what should be done with it?;;;;;;;;;;;;;
EVTDESC777773008;\n\n$FROMCOUNTRY$ is controlled by the defeated power, what should be done with it?;;;;;;;;;;;;;
EVTDESC777773010;\n\n$FROMCOUNTRY$ is controlled by the defeated power, what should be done with it?;;;;;;;;;;;;;
EVTDESC777773012;\n\n$FROMCOUNTRY$ is controlled by the defeated power, what should be done with it?;;;;;;;;;;;;;
EVTDESC777773014;\n\n$FROMCOUNTRY$ is controlled by the defeated power, what should be done with it?;;;;;;;;;;;;;
EVTDESC777773100;\n\n$FROMCOUNTRY$ is controlled by the defeated power, what should be done with it?;;;;;;;;;;;;;
EVTDESC777773102;\n\n$FROMCOUNTRY$ is controlled by the defeated power, what should be done with it?;;;;;;;;;;;;;
EVTDESC777773104;\n\n$FROMCOUNTRY$ is controlled by the defeated power, what should be done with it?;;;;;;;;;;;;;
EVTDESC777773108;\n\n$FROMCOUNTRY$ is controlled by the defeated power, what should be done with it?;;;;;;;;;;;;;
EVTDESC777773110;\n\n$FROMCOUNTRY$ is controlled by the defeated power, what should be done with it?;;;;;;;;;;;;;
EVTDESC777773112;\n\n$FROMCOUNTRY$ is controlled by the defeated power, what should be done with it?;;;;;;;;;;;;;
EVTDESC777773120;\n\n$FROMCOUNTRY$ is controlled by the defeated power, what should be done with it?;;;;;;;;;;;;;
EVTDESC777771519;\n\n$FROMCOUNTRY$ is controlled by the defeated power, what should be done with it?;;;;;;;;;;;;;
EVTDESC777771520;\n\n$FROMCOUNTRY$ is controlled by the defeated power, what should be done with it?;;;;;;;;;;;;;
EVTDESC777771521;\n\n$FROMCOUNTRY$ is controlled by the defeated power, what should be done with it?;;;;;;;;;;;;;
EVTDESC777771522;\n\n$FROMCOUNTRY$ is controlled by the defeated power, what should be done with it?;;;;;;;;;;;;;
EVTDESC777771527;\n\n$FROMCOUNTRY$ is controlled by the defeated power, what should be done with it?;;;;;;;;;;;;;
EVTDESC777771528;\n\n$FROMCOUNTRY$ is controlled by the defeated power, what should be done with it?;;;;;;;;;;;;;
EVTDESC777771529;\n\n$FROMCOUNTRY$ is controlled by the defeated power, what should be done with it?;;;;;;;;;;;;;
EVTDESC777771530;\n\n$FROMCOUNTRY$ is controlled by the defeated power, what should be done with it?;;;;;;;;;;;;;
EVTDESC777771531;\n\n$FROMCOUNTRY$ is controlled by the defeated power, what should be done with it?;;;;;;;;;;;;;
EVTDESC777771532;\n\n$FROMCOUNTRY$ is controlled by the defeated power, what should be done with it?;;;;;;;;;;;;;
EVTDESC777771533;\n\n$FROMCOUNTRY$ is controlled by the defeated power, what should be done with it?;;;;;;;;;;;;;
EVTDESC777771534;\n\n$FROMCOUNTRY$ is controlled by the defeated power, what should be done with it?;;;;;;;;;;;;;
EVTDESC777771539;\n\n$FROMCOUNTRY$ is controlled by the defeated power, what should be done with it?;;;;;;;;;;;;;
EVTDESC777771540;\n\n$FROMCOUNTRY$ is controlled by the defeated power, what should be done with it?;;;;;;;;;;;;;
EVTDESC777771541;\n\n$FROMCOUNTRY$ is controlled by the defeated power, what should be done with it?;;;;;;;;;;;;;
EVTDESC777771542;\n\n$FROMCOUNTRY$ is controlled by the defeated power, what should be done with it?;;;;;;;;;;;;;
EVTDESC777771543;\n\n$FROMCOUNTRY$ is controlled by the defeated power, what should be done with it?;;;;;;;;;;;;;
EVTDESC777771544;\n\n$FROMCOUNTRY$ is controlled by the defeated power, what should be done with it?;;;;;;;;;;;;;
EVTDESC777771545;\n\n$FROMCOUNTRY$ is controlled by the defeated power, what should be done with it?;;;;;;;;;;;;;
EVTDESC777771546;\n\n$FROMCOUNTRY$ is controlled by the defeated power, what should be done with it?;;;;;;;;;;;;;
EVTDESC777771547;\n\n$FROMCOUNTRY$ is controlled by the defeated power, what should be done with it?;;;;;;;;;;;;;
EVTDESC777771548;\n\n$FROMCOUNTRY$ is controlled by the defeated power, what should be done with it?;;;;;;;;;;;;;
EVTDESC777771549;\n\n$FROMCOUNTRY$ is controlled by the defeated power, what should be done with it?;;;;;;;;;;;;;
EVTDESC777771550;\n\n$FROMCOUNTRY$ is controlled by the defeated power, what should be done with it?;;;;;;;;;;;;;
EVTDESC777771535;\n\n$FROMCOUNTRY$ is controlled by the defeated power, what should be done with it?;;;;;;;;;;;;;
EVTDESC777771536;\n\n$FROMCOUNTRY$ is controlled by the defeated power, what should be done with it?;;;;;;;;;;;;;
EVTDESC777771537;\n\n$FROMCOUNTRY$ is controlled by the defeated power, what should be done with it?;;;;;;;;;;;;;
EVTDESC777771538;\n\n$FROMCOUNTRY$ is controlled by the defeated power, what should be done with it?;;;;;;;;;;;;;
EVTDESC777771551;\n\n$FROMCOUNTRY$ is controlled by the defeated power, what should be done with it?;;;;;;;;;;;;;
EVTDESC777771552;\n\n$FROMCOUNTRY$ is controlled by the defeated power, what should be done with it?;;;;;;;;;;;;;
EVTDESC777771553;\n\n$FROMCOUNTRY$ is controlled by the defeated power, what should be done with it?;;;;;;;;;;;;;
EVTDESC777771554;\n\n$FROMCOUNTRY$ is controlled by the defeated power, what should be done with it?;;;;;;;;;;;;;
EVTDESC777771555;\n\n$FROMCOUNTRY$ is controlled by the defeated power, what should be done with it?;;;;;;;;;;;;;
EVTDESC777771556;\n\n$FROMCOUNTRY$ is controlled by the defeated power, what should be done with it?;;;;;;;;;;;;;
EVTDESC777771557;\n\n$FROMCOUNTRY$ is controlled by the defeated power, what should be done with it?;;;;;;;;;;;;;
EVTDESC777771558;\n\n$FROMCOUNTRY$ is controlled by the defeated power, what should be done with it?;;;;;;;;;;;;;
EVTDESC777771559;\n\n$FROMCOUNTRY$ is controlled by the defeated power, what should be done with it?;;;;;;;;;;;;;
EVTDESC777771560;\n\n$FROMCOUNTRY$ is controlled by the defeated power, what should be done with it?;;;;;;;;;;;;;
EVTDESC777771561;\n\n$FROMCOUNTRY$ is controlled by the defeated power, what should be done with it?;;;;;;;;;;;;;
EVTDESC777771562;\n\n$FROMCOUNTRY$ is controlled by the defeated power, what should be done with it?;;;;;;;;;;;;;
EVTDESC777771563;\n\n$FROMCOUNTRY$ is controlled by the defeated power, what should be done with it?;;;;;;;;;;;;;
EVTDESC777771564;\n\n$FROMCOUNTRY$ is controlled by the defeated power, what should be done with it?;;;;;;;;;;;;;
EVTDESC777771565;\n\n$FROMCOUNTRY$ is controlled by the defeated power, what should be done with it?;;;;;;;;;;;;;
EVTDESC777771566;\n\n$FROMCOUNTRY$ is controlled by the defeated power, what should be done with it?;;;;;;;;;;;;;
EVTDESC777771567;\n\n$FROMCOUNTRY$ is controlled by the defeated power, what should be done with it?;;;;;;;;;;;;;
EVTDESC777771568;\n\n$FROMCOUNTRY$ is controlled by the defeated power, what should be done with it?;;;;;;;;;;;;;
EVTDESC777771569;\n\n$FROMCOUNTRY$ is controlled by the defeated power, what should be done with it?;;;;;;;;;;;;;
EVTDESC777771570;\n\n$FROMCOUNTRY$ is controlled by the defeated power, what should be done with it?;;;;;;;;;;;;;
EVTDESC777771570;\n\n$FROMCOUNTRY$ is controlled by the defeated power, what should be done with it?;;;;;;;;;;;;;
EVTDESC777771571;\n\n$FROMCOUNTRY$ is controlled by the defeated power, what should be done with it?;;;;;;;;;;;;;
EVTDESC777771572;\n\n$FROMCOUNTRY$ is controlled by the defeated power, what should be done with it?;;;;;;;;;;;;;
EVTDESC777771573;\n\n$FROMCOUNTRY$ is controlled by the defeated power, what should be done with it?;;;;;;;;;;;;;
EVTDESC777771579;\n\n$FROMCOUNTRY$ is controlled by the defeated power, what should be done with it?;;;;;;;;;;;;;
EVTDESC777771580;\n\n$FROMCOUNTRY$ is controlled by the defeated power, what should be done with it?;;;;;;;;;;;;;
EVTDESC777771581;\n\n$FROMCOUNTRY$ is controlled by the defeated power, what should be done with it?;;;;;;;;;;;;;
EVTDESC777771582;\n\n$FROMCOUNTRY$ is controlled by the defeated power, what should be done with it?;;;;;;;;;;;;;
EVTDESC777771700;\n\nThis event sends a event to display dismantlement capital;;;;;;;;;;;;;
EVTDESC566777743;\n\nAI: Renaming Check.;;;;;;;;;;;;;
EVTDESC184900462;\n\nThe $FROMCOUNTRY_ADJ$ have accepted sending an expeditionary force to Abyssinia to pacify the region.;;;;;;;;;;;;;
EVTDESC184900463;\n\nThe $FROMCOUNTRY_ADJ$ have rejected sending an expeditionary force to Abyssinia to pacify the region.;;;;;;;;;;;;;
EVTDESC18482399;\n\nOur current borders in Liberia aren't following the borders demarcated with the rest of the colonial powers. Would we want to change that?;;;;;;;;;;;;;
EVTDESC184823991;\n\nAfter diplomats from both sides made arrangements based on the Berlin Conference, the $FROMCOUNTRY_ADJ$ have decided to claim Tabou and Guiglo.;;;;;;;;;;;;;
EVTDESC184823993;\n\nAfter diplomats from both sides made arrangements based on the Berlin Conference, the $FROMCOUNTRY_ADJ$ have decided to claim Kailahun.;;;;;;;;;;;;;
EVTDESC18482400;\n\nOur current borders in Liberia aren't following the borders demarcated with the rest of the colonial powers. Would we want to change that?;;;;;;;;;;;;;
EVTDESC184824001;\n\nAfter diplomats from both sides made arrangements based on the Berlin Conference, the $FROMCOUNTRY_ADJ$ have decided to claim Nzerekore.;;;;;;;;;;;;;
EVTDESC184824011;\n\nA dispute has continued over the years in Bolama, Guinea, and we have been asked to arbitrate the decision. With this in mind, we shall select who will own them.;;;;;;;;;;;;;
EVTDESC184824016;\n\nThe $FROMCOUNTRY_ADJ$ have refused to settle on the terms of the arbitration and are starting a war over Bolama.;;;;;;;;;;;;;
EVTDESC184824017;\n\nThe $FROMCOUNTRY_ADJ$ have escalated the crisis over Bolama and started a war to 'return their rightful posessions to $FROMCOUNTRY_ADJ$ control.'.;;;;;;;;;;;;;
EVTDESC18482275;\n\nDo you want to annex Tunis?;;;;;;;;;;;;;
EVTDESC184822761;\n\nDo you want to annex Tripoli?;;;;;;;;;;;;;
EVTDESC184822762;\n\nDo you want to annex Tripoli?;;;;;;;;;;;;;
EVTDESC18482276;\n\nDo you want to annex Iraq?;;;;;;;;;;;;;
EVTDESC18482277;\n\nDo you want to annex Cyprus?;;;;;;;;;;;;;
EVTDESC18482278;\n\nDo you want to annex Southern Anatolia?;;;;;;;;;;;;;
EVTDESC184822791;\n\nDo you want to annex Tripoli?;;;;;;;;;;;;;
EVTDESC184822792;\n\nDo you want to annex Tripoli?;;;;;;;;;;;;;
EVTDESC18482279;\n\nDo you want to annex Central Anatolia?;;;;;;;;;;;;;
EVTDESC18482280;\n\nDo you want to annex Konya?;;;;;;;;;;;;;
EVTDESC18482426;\n\nWe have finally defeated Matamba, forcing them to become our vassal.;;;;;;;;;;;;;
EVTDESC18482427;\n\nWe have finally defeated Kassanje, forcing them to become our vassal.;;;;;;;;;;;;;
EVTDESC18482460;\n\nQu'aiti has seceded from our state, annexing more than 60% of our territory to them.;;;;;;;;;;;;;
EVTDESC18482470;\n\nWe have won against the Khojas and reinstated colonial rule over Xinjiang.;;;;;;;;;;;;;
EVTDESC18482478;\n\nThanks to our newfound sovereignty, we can now become Kurdistan.;;;;;;;;;;;;;
EVTDESC184824781;\n\nThanks to our newfound sovereignty, we can now become Kurdistan.;;;;;;;;;;;;;
EVTDESC184824873;\n\n$FROMCOUNTRY$ lays claim to Togoland and has sent us an ultimatum: cede our part of Togo or face the consequences.;;;;;;;;;;;;;
EVTDESC184824874;\n\n$FROMCOUNTRY$ has agreed to cede their occupation in Togo.;;;;;;;;;;;;;
EVTDESC184824875;\n\nWe had sent an Ultimatum to $FROMCOUNTRY$ so they ceded their unlawful occupation of Togo, and they have refused.;;;;;;;;;;;;;
EVTDESC184825322;\n\nKaffa has become our vassal after we defeated Ethiopia, but do we really need them as a vassal?;;;;;;;;;;;;;
EVTDESC18482556;\n\nMaking sure you aren't annexed automatically;;;;;;;;;;;;;
EVTDESC18300584;\n\nAll western slavs are an integral part of our new nation and share equal rights.;;;;;;;;;;;;;
EVTDESC2159212;\n\nWe must return Zapadoslavian cores.;;;;;;;;;;;;;
EVTDESC429434;\n\nYou are now allowed to larp.;;;;;;;;;;;;;
EVTDESC4347467;\n\nAll Romanic languages are an integral part of our new nation and share equal rights.;;;;;;;;;;;;;
EVTDESC837592;\n\nAll South Americans are an integral part of our new nation and share equal rights.;;;;;;;;;;;;;
EVTDESC8374593;\n\nAll Polish peoples are an integral part of our new nation and share equal rights.;;;;;;;;;;;;;
EVTDESC3753854;\n\nAll Polynesians are an integral part of our new nation and share equal rights.;;;;;;;;;;;;;
EVTDESC950043;\n\nYou are Celtic now.;;;;;;;;;;;;;
THANKSTUMALTA;\n\nThanks for playing the Knights of Malta!;;;;;;;;;;;;;
EVTDESC4206976;\n\n$FROMCOUNTRY$ has called for a union of all hispanic american nations, but it is clear their current government would be ruling above all, even in a federation. An interesting idea indeed, but it threatens our sovereignity directly.;;;;;;;;;;;;;
EVTDESC4206971;\n\nWith the union done, it's time to decide on a new capital.;;;;;;;;;;;;;
EVTDESC96058;\n\nRussia has entirely defeated us, leaving no choice but to accept their catastrophic terms.;;;;;;;;;;;;;
EVTDESC23456434;\n\nTo change your tag more efficiently in MC click OK.;;;;;;;;;;;;;
EVTDESC123615;\n\nWe must return the Celtic Union's cores.;;;;;;;;;;;;;
EVTDESC8395763;\n\nYou have launched with Shattered World and Fantasy Nations at the same time despite them being incompatible. All FN content is included in SW, so just launch SW.;;;;;;;;;;;;;
DUMBCAPITALCHANGEDESC;\n\nWhich from the following should be our capital?;;;;;;;;;;;;;
DELTOCCULTURES;\n\nNow that we have proclaimed a nation of Celts, what group shall lead the union?;;;;;;;;;;;;;
WHITEFLEETUSA;\n\nThe USA have sent a grand, white-painted fleet on a world tour as a show of force. They are now arriving in one of our harbors.;;;;;;;;;;;;;
WHITEFLEETUSARETURNS;\n\nAfter its glorious circumnavigation, the White Fleet has returned to its home port in Hampton Roads, Virginia.;;;;;;;;;;;;;
MONTENEGROSUBSIDYLOST;\n\nRussia has refused to subsidy us.;;;;;;;;;;;;;
MONTENEGROSUBSIDYWON;\n\nOur Russian benefactors have agreed to send us generous monetary aid.;;;;;;;;;;;;;
MONTENEGROSUBSIDY;\n\nOur Russian benefactors have agreed to send us monetary aid.;;;;;;;;;;;;;
KANKOMARUSHIP;\n\nKing William III of the Netherlands has sent us a steam-powered barque as a gift, the very first in our navy.;;;;;;;;;;;;;
FLUFFNOENGALLY;\n\nThe UK has denied our alliance request.;;;;;;;;;;;;;
FLUFFEENTENTEREFERENCE;\n\nBritain has agreed to forming an Entente.;;;;;;;;;;;;;
ENTENTEISCOMINGTOTOWN;\n\nSitting our many joint victories and history of amicable relations, France has proposed we form an alliance, the Entente Cordiale.;;;;;;;;;;;;;
MALVINASWASALLFORSHEEP;\n\nNow that we have captured Islas Malvinas, and with the current sheep farming boom in Patagonia, it is time that we also help expand this boom to the islands.;;;;;;;;;;;;;
BOOMHAVESOMEWOOL;\n\nSince making a region a colony will rid it of all modifiers, this is an event to restore the patagonia wool boom. It will only happen once, so be careful.;;;;;;;;;;;;;
EVTDESC8365925;\n\nDue to a change in our geopolitical situation, we have come to accept the Min-speaking peoples as equal members of our society.;;;;;;;;;;;;;
THANKSFORMCTOYOU;\n\nThanks for playing MC!;;;;;;;;;;;;;
INTEGRATEBAALTIC;\n\nThe Baltic provinces have submitted to our integration.;;;;;;;;;;;;;
EVTDESC60168170;\n\nGran Colombia usually refuses to fight for its survival. Would you like Gran Colombia to fight for the restoration of the union or do you prefer them to die out altogether?;;;;;;;;;;;;;
EVTDESC60168171;\n\nThe july revolution of 1830 ends the rule of the Bourbons in France, leading the house of Orléans in taking power in France as a constitutional monarchy, denying France from the Bourbon path. Would you like the Bourbons to keep ruling in France or shall the succumb against the revolutionary ideas of the French people?;;;;;;;;;;;;;
EVTDESC60168172;\n\nThe Flauhaut plan was the French plan of partitioning the new state of Belgium between France, the UK, Prussia and the Netherlands, this plan ended up going nowhere historically and Belgium survived as a nation. Would you like to see Belgium being eaten by the foreign powers?;;;;;;;;;;;;;