BRZ_2457;Paraná & Santa Catharina;;;;;;;;;
RUS_968;Podolia;;;;;;;;;;;;;
RUS_958;Kyiv;;;;;;;;;;;;;
EGY_921;Palestine;Palestine;Palästina;;Palestina;;;;;;;;;
BRZ_2416;Mato Grosso;Mato Grosso;Mato Grosso;;Mato Grosso;;;;;;;;;
BRZ_2421;Goiás;;;;;;;;;;;;;
BRZ_2446_1;Minas Gerais;;;;;;;;;;;;;
PEU_278;Ucayali;;;;;;;;;
BRZ_2429;Ceará;;;;;;;;;
BRZ_2428;Nordeste;;;;;;;;;;;;;
AUS_702;Galizien-Lodomerien;;;;;;;;;;;;;
RUS_1102;Azerbaijan;Azerba?djan;Aserbaidschan;;Azerbaiy?n;;;;;;;;;
AZB_1105;Arran;;;;;;;;;;;;;
PER_1112;Tabriz;Tabriz;Täbris;;Tabriz;;;;;;;;;
PER_3353;Qa'enât;;;;;;;;;;;;;
PER_3350;Âzarbâîejân-e Gharbî;;;;;;;;;;;;;
PER_1122;Luristan;Luristan;Luristan;;Luristan;;;;;;;;;
PER_1127;Isfahan;Isfahan;Isfahan;;Isfahan;;;;;;;;;
PER_1121;Irakajemi;Irakajemi;Irakajemi;;Irakajemi;;;;;;;;;
PER_1130;Yazd va Kûmeš;;;;;;;;;;;;;
EGY_897;Syria;Syria;Syria;;Syria;;;;;;;;;
TUR_3300;Dayr al-Zur;;;;;;;;;;;;;
TUR_863;Hudavendigar;Hudavendigar;Hüdavendigar;;Hudavendigar;;;;;;;;;
AFG_1215;Sistan;;;;;;;;;;;;;
AFG_1213;Hazaristan;;;;;;;;;;;;;
AFG_1218;East Pashtunistan;;;;;;;;;;;;;
AFG_1209;Pashtunistan;;;;;;;;;;;;;
BRZ_2401;Amazonas;Amazone;Amazonas;;Amazonas;;;;;;;;;
AUS_635;Karpatenland;;;;;;;;;;;;;
POR_1303;Goa;;;;;;;;;;;;;
FRA_1312;Pondicherry;;;;;;;;;;;;;
TUR_870;Eskishehir;Eskishehir;Eskishehïr;;Eskishehir;;;;;;;;;
KHI_1191;Uzbekia;Uzbekia;Uzbekia;;Uzbekia;;;;;;;;;
KHI_3298;Turkestan;;;;;;;;;;;;;
KHI_1195;Fargona;;;;;;;;;;;;;
KHI_1200;Bukhara;;;;;;;;;;;;;
TAJ_1208;Tadzhikistan;;;;;;;;;;;;;
RUS_1196;Turkmenia;Turkmenia;Turkmenistan;;Turkmenia;;;;;;;;;
BUK_1199;Samarkand;;;;;;;;;;;;;
TRI_1735;Cyrenaica;;;;;;;;;;;;;
TRI_1731;Tripolitania;;;;;;;;;;;;;
TUN_1726;Tunisia;Tunisie;Tunesien;;T?nez;;;;;;;;;
EGY_1751;Alexandria;;;;;;;;;;;;;
EGY_1758;Sahara al-Gharbia;;;;;;;;;;;;;
EGY_1745;Cairo;;;;;;;;;;;;;
EGY_1762;Middle Egypt;Égypte Moyenne;Mittel-Ägypten;;Middle Egypt;;;;;;;;;
EGY_1771;Upper Egypt;Basse Égypte;Unter-Ägypten;;Upper Egypt;;;;;;;;;
ALD_1708;Constantine;;;;;;;;;;;;
FRA_1700;Algiers;Alger;Algier;;Algiers;;;;;;;;;
ALD_1713;North Sahara;;;;;;;;;;;;;
ALD_1704;Oran;;;;;;;;;;;;;
MOR_1688;al Rif;al Rif;Al Rif;;al Rif;;;;;;;;;
MOR_1693;Murrakush;;;;;;;;;;;;;
CLM_1723;Panama;Panama;Panama;;Panam?;;;;;;;;;
RUS_945;Vitebsk;;;;;;;;;;;;;
RUS_947;Gómel;;;;;;;;;;;;;
RUS_964;Taurida;;;;;;;;;;;;;
RUS_977;Voronezh;;;;;;;;;;;;;
RUS_978;Kharkov;;;;;;;;;;;;;
RUS_979;Don;;;;;;;;;;;;;
RUS_981;Pomorye;;;;;;;;;;;;;
RUS_1020;Nizhgorod;;;;;;;;;;;;;
RUS_1044;Orenburg;;;;;;;;;;;;;
RUS_1060;Samara;;;;;;;;;;;;;
ABU_1162;al-Hejer;;;;;;;;;;;;;
YEM_1178;Yemen;;;;;;;;;;;;;
ENG_1304;Madras;;;;;;;;;;;;;
NET_1398;South Sumatra;;;;;;;;;;;;;
NET_1401;East Sumatra;;;;;;;;;;;;;
ATJ_1405;Atjeh;;;;;;;;;;;;;
YEM_1412;Aden;;;;;;;;;;;;;
BAL_1438;Soenda Islands;;;;;;;;;;;;;
NET_1451;Western New Guinea;;;;;;;;;;;;;
MOR_1694;Tafilalt;;;;;;;;;;;;;
ENG_1825;Kanem;;;;;;;;;;;;;
PRU_546;Pommern;;;;;;;;;;;;;
PER_1142;Larestân;;;;;;;;;;;;;
CHI_1565;Shantung;;;;;;;;;;;;;
TUR_879;Sivas;;;;;;;;;;;;;
SIC_754;Napoli;;;;;;;;;;;;;
ENG_1236;West United Provinces;;;;;;;;;;;;;
HAI_2214;Hispaniola Orientale;;;;;;;;;;;;;
HAI_2213;Hispaniola;Hispaniola;Hispaniola;;Espa?ola;;;;;;;;;
PRG_2338;Alto Paraguay;Alto Paraguay;Alto Paraguay;;Alto Paraguay;;;;;;;;;
ARG_2377;Chaco;Chaco;Chaco;;Chaco;;;;;;;;;
RUS_1052;North Caucasia;Caucase du Nord;Nordkaukasus;;Caucasia del Norte;;;;;;;;;
RUS_3390;Northern Caucasus;;;;;;;;;;;;;
YEM_1173;Hadramaut;;;;;;;;;;;;;
FRA_1787;Djolof;;;;;;;;;;;;;
FRA_1801;Western Mali;Mali ouest;West-Mali;;Western Mali;;;;;;;;;
FRA_1794;Western Mali;;;;;;;;;;;;;
FRA_1798;Eastern Mali;Mali orientale;Ost-Mali;;Eastern Mali;;;;;;;;;
FRA_1879;Guinea;Guin?e;Guinea;;Guinea;;;;;;;;;
FRA_1883;Guinea;;;;;;;;;;;;;
SOM_1871;Majeerteen;;;;;;;;;;;;;
NEJ_1160;Rub al-Khali;;;;;;;;;;;;;
NEJ_1156;Najd;;;;;;;;;;;;;
FRA_1808;Outer Hausaland;Outer Hausaland;Äußeres Hausaland;;Outer Hausaland;;;;;;;;;
FRA_1813;Niger;Niger;Niger;;Níger;;;;;;;;;
ENG_2044;Northern Tanganyika;;;;;;;;;;;;;
ENG_2046;Southern Tanganyika;;;;;;;;;;;;;
FRA_1775;Mauritania;Côte de la Mauritanie;Mauretanische Küste;;Costa de Mauritania;;;;;;;;;
EGY_1836;Kuzey Sudan;;;;;;;;;;;;;
FRA_1892;Ivory Coast;Est de la Côte d’Ivoire;Östliche Elfenbeinküste;;Costa de Marfil oriental;;;;;;;;;
SOK_1947;Kano;;;;;;;;;;;;;
SOK_1945;Bornu;;;;;;;;;;;;;
SOK_1950;Fombina;;;;;;;;;;;;;
SOK_1937;Tukari;;;;;;;;;;;;;
SOK_1941;Abuja;;;;;;;;;;;;;
SOK_1964;Marwa;;;;;;;;;;;;;
BEL_1989;Luba;;;;;;;;;;;;;
ENG_2013;Barotseland;;;;;;;;;;;;;
POR_2004;Southern Angola;;;;;;;;;;;;;
POR_2003;South Angola;Sud de l’Angola;Süd-Angola;;Angola meridional;;;;;;;;;
AUS_647;Alf?ld;Alf?ld;Alf?ld;;Alf?ld;;;;;;;;;
RUS_1025;Tambov;;;;;;;;;;;;;
AFG_1212;Herat;;;;;;;;;;;;;
DEN_251;Island & Grønland;;;;;;;;;;;;;
TUR_887;Erzurum;;;;;;;;;;;;;
NEJ_1164;al-Hassa;;;;;;;;;;;;;
RUS_2700;Vologda;;;;;;;;;;;;;
EGY_843;Aegean Islands;?les de la mer Eg?e;?g?ische Inseln;;Islas del Egeo;;;;;;;;;
TUR_832;Thessal?a;Thessal?a;Thessal?a;;Tesalia;;;;;;;;;
AUS_624;Burgenland;;;;;;;;;;;;;
FRA_438;Centre-Val de Loire;;;;;;;;;;;;;
SIC_763;Sicilia;;;;;;;;;;;;;
CAN_13;Columbia;;;;;;;;;;;;;
HAN_528;Niederelbe;;;;;;;;;;;;;
HAN_540;Ost-Friesland;;;;;;;;;;;;;
PRU_553;Anhalt;;;;;;;;;;;;;
PRU_554;Thüringen;;;;;;;;;;;;;
SAX_558;Sachsen;;;;;;;;;;;;;
PRU_570;Pfalz;;;;;;;;;;;;;
PRU_578;Ost-Rheinland;;;;;;;;;;;;;
BAV_595;Franken;;;;;;;;;;;;;
AUS_625;Böhmen;;;;;;;;;;;;;
AUS_626;Mähren;;;;;;;;;;;;;
UCA_2191;El Salvador;;;;;;;;;;;;;
UCA_2193;Honduras;;;;;;;;;;;;;
CHI_2221;South Kiangsu;;;;;;;;;;;;;
ARG_2374;Cuyo;;;;;;;;;;;;;
AST_2454;Fiji;;;;;;;;;;;;;
SPA_2517;Mariana Islands;;;;;;;;;;;;;
AST_2534;Solomon Islands;;;;;;;;;;;;;
AUS_2538;Vojvodina;;;;;;;;;;;;;
TON_2540;Tonga;;;;;;;;;;;;;
USA_2543;Samoa;;;;;;;;;;;;;
HES_2560;Hessen;;;;;;;;;;;;;
ORA_2103;Basutoland;;;;;;;;;;;;;
ZUL_2113;Zululand;;;;;;;;;;;;;
BOL_2309;Atacama;;;;;;;;;;;;;
ARG_2360;Mesopotamia;;;;;;;;;;;;;
ENG_1251;West Bengal;;;;;;;;;;;;;
ENG_1252;East Bengal;;;;;;;;;;;;;
USA_1;Alyaska;;;;;;;;;;;;;
KOK_1190;Alai;;;;;;;;;;;;;
RUS_994;Ingriya;;;;;;;;;;;;;
SWI_603;Mittelland;;;;;;;;;;;;;
SWI_607;Région Lémanique;;;;;;;;;;;;;
BEL_387;Flandre;;;;;;;;;;;;;
BEL_394;Wallonie;;;;;;;;;;;;;
FRA_432;Franche-Comté;;;;;;;;;;;;;
FRA_411;Lorraine;;;;;;;;;;;;;
FRA_406;Champagne;;;;;;;;;;;;;
RUS_1008;Moskva;;;;;;;;;;;;;
RUS_959;Volyn;;;;;;;;;;;;;
PAP_741;Emilia-Romagna;;;;;;;;;;;;;
GRE_837;Stereá Elláda;;;;;;;;;;;;;
GRE_826;Peloponnisos;;;;;;;;;;;;;
FRA_1901;Houet;;;;;;;;;;;;;
FRA_1904;Gurma;;;;;;;;;;;;;
BUR_1334;Mandalay;;;;;;;;;;;;;
RUS_973;Tavrika;;;;;;;;;;;;;
RUS_955;Odessa;;;;;;;;;;;;;
RUS_976;Yekaterinoslav;;;;;;;;;;;;;
PEU_2297;Cusco;;;;;;;;;;;;;
CHI_1582;Nyarong;;;;;;;;;;;;;
TIB_1591;Tibetan Plateau;;;;;;;;;;;;;
PEU_2289;Pastaza;Pastaza;Pastaza;;Pastaza;;;;;;;;;
POR_2060;Moçambique;;;;;;;;;;;;;
POR_2049;Gaza;;;;;;;;;;;;;
CHL_2327;Los R?os;Los R?os;Los R?os;;Los R?os;;;;;;;;;
CHL_2332;Araucania;Araucania;Araucania;;Araucania;;;;;;;;;
CHL_2322;Santiago;Santiago;Santiago;;Santiago;;;;;;;;;
CHI_1082;Kwanwai;;;;;;;;;;;;;
KOR_1624;Hanseong;;;;;;;;;;;;;
RUS_1185;Dulat;;;;;;;;;;;;;
RUS_1070;Yeniseysk;;;;;;;;;;;;;
RUS_1065;Yamalia;;;;;;;;;;;;;
TUR_855;Cyprus;Chypre;Zypern;;Chipre;;;;;;;;;
RUS_1048;Circassia;;;;;;;;;;;;;
ARG_2379;Córdoba;;;;;;;;;;;;;
ARG_2389;Pampas;;;;;;;;;;;;;
BRZ_2408;Grão - Pará;;;;;;;;;;;;;
TRN_2108;Tky-Gariep;;;;;;;;;;;;;
CAN_50;Upper Canada;;;;;;;;;;;;;
CAN_58;Lower Canada;;;;;;;;;;;;;
ENG_68;Maritimes;;;;;;;;;;;;;
MEX_97;Yuta;;;;;;;;;;;;;
USA_201;Georgia;;;;;;;;;;;;;
USA_205;South Carolina;;;;;;;;;;;;;
ENG_258;Connacht;;;;;;;;;;;;;
ENG_263;Leinster;;;;;;;;;;;;;
SWE_322;Stockholm;;;;;;;;;;;;;
SWE_329;Göteborg;;;;;;;;;;;;;
SWE_334;Malmö;;;;;;;;;;;;;
RUS_343;Uusimaa;;;;;;;;;;;;;
RUS_345;Varsinais-Suomi;;;;;;;;;;;;;
RUS_360;Lithuania;;;;;;;;;;;;;
HOL_369;Holstein;;;;;;;;;;;;;
SCH_370;Schleswig;;;;;;;;;;;;;
NET_379;Zeeland;;;;;;;;;;;;;
HAN_534;Hannover;;;;;;;;;;;;;
PRU_544;Mecklenburg;;;;;;;;;;;;;
PRU_575;Rheinland;;;;;;;;;;;;;
BAV_599;Bayern;;;;;;;;;;;;;
SPA_610;Caroline Islands;;;;;;;;;;;;;
AUS_652;Banat;;;;;;;;;;;;;
AUS_654;Nord-Siebenbürgen;;;;;;;;;;;;;
AUS_657;Süd-Siebenbürgen;;;;;;;;;;;;;
MOL_676;Bessarabia;;;;;;;;;;;;;
PRU_682;Niederschlesien;;;;;;;;;;;;;
PRU_685;Oberschlesien;;;;;;;;;;;;;
SAR_765;Sardinia & Corsica;;;;;;;;;;;;;
FRA_801;Tahiti;;;;;;;;;;;;;
TUR_805;Güney Makedonya;;;;;;;;;;;;;
TUR_806;North Macedonia;Macédoine du Nord;Nordmazedonien;;Macedonia Septentrional;;;;;;;;;x
TUR_809;Güney Bulgaristan;;;;;;;;;;;;;
TUR_823;Dogu Makedonya;;;;;;;;;;;;;
RUS_715;Ljublin;;;;;;;;;;;;;
RUS_706;Mazovia;;;;;;;;;;;;;
TUR_876;Ankara;;;;;;;;;;;;;
TUR_880;Kastamonu;;;;;;;;;;;;;
TUR_882;Trebizond;;;;;;;;;;;;;
TUR_890;Van;;;;;;;;;;;;;
TUR_893;Diyarbakir;;;;;;;;;;;;;
TUR_894;Çukurova;;;;;;;;;;;;;
RUS_940;Vilna;;;;;;;;;;;;;
JAP_1086;Sakhalin;;;;;;;;;;;;;
JAP_1088;Ezo;;;;;;;;;;;;;
AST_1097;New Caledonia;;;;;;;;;;;;;
PER_1116;Mâzandarân;;;;;;;;;;;;;
PER_1132;Arabestân;;;;;;;;;;;;;
PER_1136;Fârs;;;;;;;;;;;;;
PER_1140;Kermân;;;;;;;;;;;;;
AFG_1214;Kunduz;;;;;;;;;;;;;
ENG_1244;East United Provinces;;;;;;;;;;;;;
SIA_1352;Pattani;;;;;;;;;;;;;
SIA_1355;Shan;;;;;;;;;;;;;
LUA_1356;Laos;;;;;;;;;;;;;
SIA_1358;Isan;;;;;;;;;;;;;
DAI_1369;Dàng Ngoài;;;;;;;;;;;;;
DAI_1375;Trung Ky;;;;;;;;;;;;;
DAI_1380;Miên Nam;;;;;;;;;;;;;
ENG_1384;Southern Malaya;;;;;;;;;;;;;
ENG_1391;Northern Malaya;;;;;;;;;;;;;
SIA_1392;Ayutthaya;;;;;;;;;;;;;
BRU_1394;West Borneo;;;;;;;;;;;;;
BRU_1395;Sarawak;;;;;;;;;;;;;
NET_1413;West Java;;;;;;;;;;;;;
NET_1418;East Java;;;;;;;;;;;;;
NET_1423;East Borneo;;;;;;;;;;;;;
NET_1426;South Borneo;;;;;;;;;;;;;
NET_1446;Timor;;;;;;;;;;;;;
NET_1447;Moluccas;;;;;;;;;;;;;
NET_1449;Celebes;;;;;;;;;;;;;
CHI_1465;Eastern Mongolia;;;;;;;;;;;;;
CHI_1468;Western Mongolia;;;;;;;;;;;;;
CHI_1470;South Anhwei;;;;;;;;;;;;;
CHI_1477;North Anhwei;;;;;;;;;;;;;
CHI_1479;Fengtien;;;;;;;;;;;;;
CHI_1482;Fukien;;;;;;;;;;;;;
CHI_1485;Formosa;;;;;;;;;;;;;
CHI_1490;Kansu;;;;;;;;;;;;;
CHI_1493;East Canton;;;;;;;;;;;;;
CHI_1499;West Canton;;;;;;;;;;;;;
CHI_1505;Kweichow;;;;;;;;;;;;;
CHI_1508;East Honan;;;;;;;;;;;;;
CHI_1510;West Honan;;;;;;;;;;;;;
CHI_1519;West Hupeh;;;;;;;;;;;;;
CHI_1522;East Hupeh;;;;;;;;;;;;;
CHI_1524;North Hunan;;;;;;;;;;;;;
CHI_1526;South Hunan;;;;;;;;;;;;;
CHI_1532;Inner Mongolia;;;;;;;;;;;;;
CHI_1540;North Kiangsu;;;;;;;;;;;;;
CHI_1545;North Kiangsi;;;;;;;;;;;;;
CHI_1547;South Kiangsi;;;;;;;;;;;;;
CHI_1552;Heilungkiang;;;;;;;;;;;;;
CHI_1559;Shensi;;;;;;;;;;;;;
CHI_1563;West Shantung;;;;;;;;;;;;;
CHI_1572;Shansi;;;;;;;;;;;;;
CHI_1578;West Szechwan;;;;;;;;;;;;;
CHI_1579;East Szechwan;;;;;;;;;;;;;
CHI_1594;Kashgar;;;;;;;;;;;;;
CHI_1600;Urumtsi;;;;;;;;;;;;;
CHI_1601;Yunnan;;;;;;;;;;;;;
CHI_1604;North Chekiang;;;;;;;;;;;;;
CHI_1610;South Chekiang;;;;;;;;;;;;;
CHI_1612;Chihli;;;;;;;;;;;;;
CHI_1616;Shuntien;;;;;;;;;;;;;
JAP_1649;Kanto;;;;;;;;;;;;;
JAP_1654;Bonin Islands;;;;;;;;;;;;;
JAP_1655;Kansai;;;;;;;;;;;;;
JAP_1640;Chugoku;;;;;;;;;;;;;
JAP_1665;Shikoku;;;;;;;;;;;;;
JAP_1660;Kyushu;;;;;;;;;;;;;
JAP_1672;Tohoku;;;;;;;;;;;;;
JAP_1675;Chubu;;;;;;;;;;;;;
EGY_1755;Sinai;;;;;;;;;;;;;
ENG_1844;Toc;;;;;;;;;;;;;
ETH_1852;Begemidiri;;;;;;;;;;;;;
ETH_1853;Tigray;;;;;;;;;;;;;
ETH_1859;Shewa;;;;;;;;;;;;;
ETH_1867;Oromia;Oromia;Oromia;;Oromia;;;;;;;;;
ETH_3591;Kaffa;;;;;;;;;;;;;
SOM_1868;Banaadir;;;;;;;;;;;;;
SOM_1872;Xeebta Awdal;;;;;;;;;;;;;
FRA_1878;Guinea-Bissau;;;;;;;;;;;;;
ASH_1909;Gold Coast;;;;;;;;;;;;;
FRA_1919;Dahomey;;;;;;;;;;;;;
SOK_1934;Biafra;;;;;;;;;;;;;
SPA_1955;Equatorial Guinea;;;;;;;;;;;;;
ENG_1956;Cameroon;;;;;;;;;;;;;
SOK_1963;Adamawa;;;;;;;;;;;;;
SOK_1956;Coastal Cameroon;;;;;;;;;;;;;
BEL_1990;Kivu;;;;;;;;;;;;;
BEL_1996;Congo Orientale;;;;;;;;;;;;;
BEL_2034;Ruanda-Urundi;;;;;;;;;;;;;
ENG_2036;Zanzibar;;;;;;;;;;;;;
POR_2054;Zambezia;;;;;;;;;;;;;
ENG_2067;Nyasaland;;;;;;;;;;;;;
ENG_2068;Mashonaland;;;;;;;;;;;;;
ENG_2071;Rozwi;;;;;;;;;;;;;
ENG_2074;Bechuanaland;;;;;;;;;;;;;
MEX_2149;Coahuila;;;;;;;;;;;;;
MEX_2159;Veracruz;;;;;;;;;;;;;
MEX_2161;Jalisco;;;;;;;;;;;;;
MEX_2170;Guerrero;;;;;;;;;;;;;
MEX_2172;Valle de México;;;;;;;;;;;;;
MEX_2181;Chiapas;;;;;;;;;;;;;
MOR_1696;Western Sahara;;;;;;;;;;;;;
AUS_734;Südtirol;Tyrol du Sud;Südtirol;;Tirol Meridional;;;;;;;;;
MOR_1683;Taza;Taza;Taza;;Taza;;;;;;;;;
SPA_2209;Cuba;Cuba;Kuba;;Cuba;;;;;;;;;
ENG_203;Caribbean Islands;Îles caraïbes;Karibische Inseln;;Islas del Caribe;;;;;;;;;
GER_2530;Northern New Guinea;Nouvelle Guinée du nord;Nördliches Neuguinea;;Nueva Guinea Septentrional;;;;;;;;;
AST_2528;Southern New Guinea;Nouvelle guinée du sud;Südliches Neuguinea;;Nueva Guinea Meridional;;;;;;;;;
EGY_1842;Darfur;Darfour;Darfur;;Darfur;;;;;;;;;
EGY_1838;Kordofan;Kordofan;Kordofan;;Kordofan;;;;;;;;;
EGY_915;Lubnan;Lubnan;Lubnan;;Lubnan;;;;;;;;;
BEL_1977;Bas-Congo;Bas-Congo;Bas-Congo;;Bas-Congo;;;;;;;;;
BEL_1987;Katanga;Katanga;Katanga;;Katanga;;;;;;;;;
BEL_1984;Kasai;Kasai;Kasai;;Kasai;;;;;;;;;
POR_1999;North Angola;Nord de l’Angola;Nord-Angola;;Angola del norte;;;;;;;;;
ENG_2026;Rift Valley;Vallée du Rift;Großer Afrikanischer Grabenbruch;;Rift Valley;;;;;;;;;
ENG_2024;Kenya;Kenya;Kenia;;Kenia;;;;;;;;;
ENG_2019;Uganda;Ouganda;Uganda;;Uganda;;;;;;;;;
FRA_1884;Sierra Leone;Sierra Leone;Sierra Leone;;Sierra Leona;;;;;;;;;
FRA_1893;Windward Coast;Ouest de la Côte d’Ivoire;Westliche Elfenbeinküste;;Costa de Marfil occidental;;;;;;;;;
FRA_1788;Gambia;Gambie;Gambia;;Gambia;;;;;;;;;
POR_2006;Eastern Angola;Est de l’Angola;Ost-Angola;;Angola oriental;;;;;;;;;
ALD_1718;Sahara;Sahara central Est;Östlich-zentrale Sahara;;Este del Sahara central;;;;;;;;;
ENG_2092;Northern Cape;Cap nord;Northern Cape;;Cabo del norte;;;;;;;;;
ENG_2083;Namaqualand;Namaqualand;Namaqualand;;Namaqualandia;;;;;;;;;
ENG_2096;Eastern Cape;Cap oriental;Eastern Cape;;Cabo oriental;;;;;;;;;
ENG_2087;Cape Colony;Colonie du Cap;Cape Colony;;Colonia del Cabo;;;;;;;;;
BEL_1992;Equateur;Equateur;Equateur;;Equateur;;;;;;;;;
FRA_1978;Congo;Congo;Kongo;;El Congo;;;;;;;;;
slot_1;            ;;;;;;;;;;;;;
slot_2;            ;;;;;;;;;;;;;
slot_3;            ;;;;;;;;;;;;;
slot_4;            ;;;;;;;;;;;;;
slot_5;            ;;;;;;;;;;;;;
slot_6;            ;;;;;;;;;;;;;
slot_7;            ;;;;;;;;;;;;;
slot_8;            ;;;;;;;;;;;;;
slot_9;            ;;;;;;;;;;;;;
slot_10;            ;;;;;;;;;;;;;
slot_11;            ;;;;;;;;;;;;;
slot_12;            ;;;;;;;;;;;;;
slot_13;            ;;;;;;;;;;;;;
slot_14;            ;;;;;;;;;;;;;
slot_15;            ;;;;;;;;;;;;;
slot_16;            ;;;;;;;;;;;;;
slot_17;            ;;;;;;;;;;;;;
slot_18;            ;;;;;;;;;;;;;
slot_19;            ;;;;;;;;;;;;;
slot_20;            ;;;;;;;;;;;;;
slot_21;            ;;;;;;;;;;;;;
slot_22;            ;;;;;;;;;;;;;
slot_23;            ;;;;;;;;;;;;;
slot_24;            ;;;;;;;;;;;;;
slot_25;            ;;;;;;;;;;;;;
slot_26;            ;;;;;;;;;;;;;
slot_27;            ;;;;;;;;;;;;;
slot_28;            ;;;;;;;;;;;;;
slot_29;            ;;;;;;;;;;;;;
slot_30;            ;;;;;;;;;;;;;
slot_31;            ;;;;;;;;;;;;;
slot_32;            ;;;;;;;;;;;;;
slot_33;            ;;;;;;;;;;;;;
slot_34;            ;;;;;;;;;;;;;
slot_35;            ;;;;;;;;;;;;;
slot_36;            ;;;;;;;;;;;;;
slot_37;            ;;;;;;;;;;;;;
slot_38;            ;;;;;;;;;;;;;
slot_39;            ;;;;;;;;;;;;;
slot_40;            ;;;;;;;;;;;;;
CLM_2259;Cauca;Cauca;Cauca;;Cauca;;;;;;;;;
ENG_1343;Tenasserim;Tenasserim;Tenasserim;;Tenasserim;;;;;;;;;
BUR_1339;Kachin;Kachin;Kachin;;Kachin;;;;;;;;;
BUR_1330;Pegu;Pegu;Pegu;;Pegu;;;;;;;;;
NEP_1327;Himalayas;Himalayas;Himalaya;;Himalayas;;;;;;;;;
ENG_1247;Bihar;Bihar;Bihar;;Bihar;;;;;;;;;
ENG_1261;Orissa;Orissa;Orissa;;Orissa;;;;;;;;;
PAN_1227;Punjab;Punjab;Punjab;;Punjab;;;;;;;;;
PAN_1224;Kashmir;Kashmir;Kaschmir;;Kashmir;;;;;;;;;
KAL_1221;Baluchistan;Baluchistan;Belutschistan;;Baluchistan;;;;;;;;;
SIN_1288;Sind;Sind;Sind;;Sind;;;;;;;;;
ENG_1291;Gujarat;Gujarat;Gujarat;;Gujarat;;;;;;;;;
ENG_1264;Rajputana;Rajputana;Rajputana;;Rajputana;;;;;;;;;
ENG_1275;Central India;Central India;Zentral-Indien;;Central India;;;;;;;;;
NAG_1277;Nagpur;Nagpur;Nagpur;;Nagpur;;;;;;;;;
ENG_1305;Circars;Circars;Circars;;Circars;;;;;;;;;
HYD_1283;Hyderabad;Hyderabad;Hyderabad;;Hyderabad;;;;;;;;;
ENG_1297;Bombay;Bombay;Bombay;;Bombay;;;;;;;;;
MYS_1314;Mysore;Mysore;Mysore;;Mysore;;;;;;;;;
ENG_1317;Travancore;Travancore;Travancore;;Travancore;;;;;;;;;
PER_1148;Khorâsân;Khorasan;Khorasan;;Khorasan;;;;;;;;;
RUS_1182;Alimuly;Uralsk;Oral;;Uralsk;;;;;;;;;
RUS_1184;Kypshak;Akmolinsk;Akmolinsk;;Akmolinsk;;;;;;;;;
RUS_1187;Argyn;Akmolinsk;Akmolinsk;;Akmolinsk;;;;;;;;;
KOR_1635;Pusan;Busan;Busan;;Busan;;;;;;;;;
KOR_1627;Hamhung;;;;;;;;;;;;;
KOR_1619;Pyongyang;Pyongyang;Pjöngjang;;Pyongyang;;;;;;;;;
RUS_2685;Perm;;;;;;;;;;;;;
RUS_1064;Tobolsk;Tobolsk;Tobolsk;;Tobolsk;;;;;;;;;
RUS_1469;Tomsk;Tomsk;Tomsk;;Tomsk;;;;;;;;;
RUS_1079;Trans-Baikal;Trans-Baikal;Transbaikal;;Trans-Baikal;;;;;;;;;
RUS_1071;Yakutsk;Yakutsk;Yakutsk;;Yakutsk;;;;;;;;;
TUR_885;Kars;Kars;Kars;;Kars;;;;;;;;;
TUR_869;Smyrna;Smyrna;Smyrna;;Smyrna;;;;;;;;;
TUR_923;Mosul;Mosul;Mosul;;Mosul;;;;;;;;;
TUR_931;Baghdad;Baghdad;Baghdad;;Baghdad;;;;;;;;;
TUR_935;Basra;Basra;Basra;;Basra;;;;;;;;;
EGY_903;Dimashq;Dimashq;Dimashq;;Dimashq;;;;;;;;;
EGY_1834;Dongola;Dongolah;Dunqula;;Dongola;;;;;;;;;
ENG_1848;Habesh;L'Érythrée;Eritrea;;Eritrea;;;;;;;;;
MOR_1686;Fez;Fez;Fès;;Fez;;;;;;;;;
FRA_1923;Yoruba States;Yoruba States;Yoruba-Staaten;;Yoruba States;;;;;;;;;
FRA_1927;Hausaland;Hausaland;Hausaland;;Hausaland;;;;;;;;;
FRA_1930;Benin;Benin;Benin;;Benin;;;;;;;;;
ENG_1818;Waddai;Ouaddai;Waddai;;Waddai;;;;;;;;;
ENG_2039;Lindi;Lindi;Lindi;;Lindi;;;;;;;;;
ENG_2016;Kazembe;Kazembe;Kazembe;;Kazembe;;;;;;;;;
POR_2053;Tete;Zambezia;Zambezia;;Zambezia;;;;;;;;;
ENG_2078;Hereroland;Hereroland;Hereroland;;Hereroland;;;;;;;;;
ENG_2132;South Atlantic Islands;South Atlantic Islands;Südatlantische Inseln;;South Atlantic Islands;;;;;;;;;
ENG_2125;Indian Ocean Territory;Territoire de l'océan Indien;Territorium im Indischen Ozean;;Indian Ocean Territory;;;;;;;;;
MAD_2117;South Madagascar;Sud de Madagascar;Süd-Madagaskar;;South Madagascar;;;;;;;;;
MAD_2121;North Madagascar;Du Nord de Madagascar;Nord-Madagaskar;;North Madagascar;;;;;;;;;
FRA_451;Rhone;Rh?ne;Rhone;;Rhone;;;;;;;;;
BOL_2305;Potosí;Potosí;Potosí;;;;;;;;;;;
MEX_2142;Durango;;;;;;;;;;;;;
MEX_85_2;California Central;;;;;;;;;;;;;
FRA_1965;Ubangi-Shari;;;;;;;;;;;;;
FRA_1803;Timbuktu;;;;;;;;;;;;;
FRA_1783;Senegal;;;;;;;;;;;;;
EGY_1827;Sudan;;;;;;;;;;;;;
TUR_873;Konya;;;;;;;;;;;;;
HAW_658;Hawaiian Islands;;;;;;;;;;;;;
AUS_736;Küstenland;;;;;;;;;;;;;
AUS_780;Dalmatien;Dalmatie du Sud;Süd-Dalmatien;;Dalmacia del sur;;;;;;;;;
RUS_1074;Kamchatka;;;;;;;;;;;;;
RUS_1075;Irkutsk;;;;;;;;;;;;;
MEX_2151;Zacatecas;;;;;;;;;;;;;
SPA_492;Vasconia;;;;;;;;;;;;;
FRA_404;Artois;;;;;;;;;;;;;
RUS_1092;Abkhazia;;;;;;;;;;;;;
EGY_1156;Anazzah;;;;;;;;;;;;;
CHI_1504;Kwangsi;Kwangsi;Kwangsi;;Kwangsi;;;;;;;;;
CHI_1557;Tsinghai;Tsinghai;Tsinghai;;Tsinghai;;;;;;;;;
USA_218;West Virginia;Virginie occidentale;West Virginia;;Virginia Occidental;;;;;;;;;
USA_219;Maryland;Maryland;Maryland;;Maryland;;;;;;;;;
SWE_309;Vestlandet;Vestlandet;Vestlandet;;Vestlandet;;;;;;;;;
SWE_308;Nordnorge;Nordnorge;Nordnorge;;Nordnorge;;;;;;;;;
SWE_313;Østlandet;;;;;;;;;;;;;
RUS_354;Livland;;;;;;;;;;;;;
FRA_412;Alsace;;;;;;;;;;;;;
FRA_425;Ile-de-France;;;;;;;;;;;;;
FRA_455;Midi-Pyrenees;;;;;;;;;;;;;
SPA_474;Galicia;;;;;;;;;;;;;
SPA_477;Castilla-Leon;;;;;;;;;;;;;
AUS_641;Mittelungarn;;;;;;;;;;;;;
AUS_623;Transdanubia;Transdanubie;Transdanubien;;Transdanubia;;;;;;;;;
RUS_707;Suvalki;;;;;;;;;;;;;
RUS_936;Grodno;;;;;;;;;;;;;
AUS_768;Krain;;;;;;;;;;;;;
TUR_860;Dogu Trakya;;;;;;;;;;;;;
RUS_358;Kurland;;;;;;;;;;;;;
AUS_633;Slovakia;Slovaquie;Slowakei;;Eslovaquia;;;;;;;;;
USA_78;Washington;Washington;Washington;;Washington;;;;;;;;;
USA_81;Oregon;Oregon;Oregon;;Oreg?n;;;;;;;;;
USA_91;Idaho;Idaho;Idaho;;Idaho;;;;;;;;;
USA_116;Montana;Montana;Montana;;Montana;;;;;;;;;
USA_121;Dakota;Dakota du sud;South Dakota;;Dakota del Sur;;;;;;;;;
USA_124;Nebraska;Nebraska;Nebraska;;Nebraska;;;;;;;;;
USA_126;Kansas;Kansas;Kansas;;Kansas;;;;;;;;;
USA_129;Oklahoma;Oklahoma;Oklahoma;;Oklahoma;;;;;;;;;
USA_139;Louisiana;Louisiane;Louisiana;;Louisiana;;;;;;;;;
USA_144;Arkansas;Arkansas;Arkansas;;Arkansas;;;;;;;;;
USA_148;Missouri;Missouri;Missouri;;Missouri;;;;;;;;;
USA_151;Iowa;Iowa;Iowa;;Iowa;;;;;;;;;
USA_158;Minnesota;Minnesota;Minnesota;;Minnesota;;;;;;;;;
USA_162;Wisconsin;Wisconsin;Wisconsin;;Wisconsin;;;;;;;;;
USA_168;Illinois;Illinois;Illinois;;Illinois;;;;;;;;;
USA_170;Indiana;Indiana;Indiana;;Indiana;;;;;;;;;
USA_176;Michigan;Michigan;Michigan;;Michigan;;;;;;;;;
USA_178;Ohio;Ohio;Ohio;;Ohio;;;;;;;;;
USA_185;Kentucky;Kentucky;Kentucky;;Kentucky;;;;;;;;;
USA_188;Tennessee;Tennessee;Tennessee;;Tennessee;;;;;;;;;
USA_194;Mississippi;Mississippi;Mississippi;;Mississippi;;;;;;;;;
USA_196;Alabama;Alabama;Alabama;;Alabama;;;;;;;;;
USA_200;Florida;Floride;Florida;;Florida;;;;;;;;;
USA_211;Virginia;Virginie;Virginia;;Virginia;;;;;;;;;
USA_223;Pennsylvania;Pennsylvanie;Pennsylvania;;Pennsylvania;;;;;;;;;
USA_231;New Jersey;New Jersey;New Jersey;;Nueva Jersey;;;;;;;;;
USA_232;New York;New York;New York;;Nueva York;;;;;;;;;
USA_243;Massachusetts;Massachusetts;Massachusetts;;Massachusets;;;;;;;;;
USA_247;New England;Nelle-Angleterre;New England;;Nueva Inglaterra;;;;;;;;;
USA_2556;North Carolina;Caroline du Nord;North Carolina;;Carolina del Norte;;;;;;;;;
ENG_9;Northwest Territories;Territoires du N-O;Northwest Territories;;Territorios noroccidentales;;;;;;;;;
ENG_22;Alberta;Alberta;Alberta;;Alberta;;;;;;;;;
ENG_30;Saskatchewan;Saskatchewan;Saskatchewan;;Saskatchewan;;;;;;;;;
ENG_36;Manitoba;Manitoba;Manitoba;;Manitoba;;;;;;;;;
ENG_74;Newfoundland;Terre-Neuve;Neufundland;;Terra Nova;;;;;;;;;
TEX_132;Texas;Texas;Texas;;Texas;;;;;;;;;
UCA_2186;Guatemala;Guatemala;Guatemala;;Guatemala;;;;;;;;;
UCA_2197;Nicaragua;Nicaragua;Nicaragua;;Nicaragua;;;;;;;;;
UCA_2201;Costa Rica;Costa Rica;Costa Rica;;Costa Rica;;;;;;;;;
URU_2344;Uruguay;Uruguay;Uruguay;;Uruguay;;;;;;;;;
ECU_2279;Ecuador;Equateur;Ecuador;;Ecuador;;;;;;;;;
SWE_318;Norrland;Norrland;Norrland;;Norrland;;;;;;;;;
TUR_853;Arnavutluk;;;;;;;;;;;;;
TUR_788;Bosnia;Bosnie;Bosnien;;Bosnia;;;;;;;;;
MOL_673;Moldova;;;;;;;;;;;;;
WAL_665;Tara Rom?neasca;;;;;;;;;;;;;
SPA_498;Catalonia;Catalogne;Katalonien;;Catalu?a;;;;;;;;;
ENG_2468;New South Wales;Nouvelles-Galles du sud;New South Wales;;Nueva Gales del Sur;;;;;;;;;
ENG_2476;Victoria;Victoria;Victoria;;Victoria;;;;;;;;;
ENG_2483;Queensland;Queensland;Queensland;;Queensland;;;;;;;;;
ENG_2491;South Australia;Australie du sud;South Australia;;Australia meridional;;;;;;;;;
ENG_2497;Western Australia;Australie occidentale;Western Australia;;Australia occidental;;;;;;;;;
ENG_2505;Northern Territory;Territoires du Nord;Northern Territory;;Territorio Septentrional;;;;;;;;;
ENG_2509;North Island;?le du Nord;North Island;;Isla del Norte;;;;;;;;;
ENG_2513;South Island;?le du Sud;South Island;;Isla del Sur ;;;;;;;;;
ENG_1321;Ceylon;Ceylan;Ceylon;;Ceil?n;;;;;;;;;
OMA_1166;Oman;Oman;Oman;;Om?n;;;;;;;;;
HDJ_1151;Hedjaz;Hedjaz;Hedjaz;;Hedjaz;;;;;;;;;
ENG_1887;Liberia;Lib?ria;Liberia;;Liberia;;;;;;;;;
FRA_1907;Lower Volta;Ghana;Ghana;;Ghana;;;;;;;;;
FRA_1914;Togo;Togo;Togo;;Togo;;;;;;;;;
FRA_1972;Gabon;Gabon;Gabun;;Gab?n;;;;;;;;;
ENG_2014;Zambia;Zambie;Zambia;;Zambia;;;;;;;;;
SIA_1366;K?mpuch?a;Cambodge;Kambodscha;;Camboya;;;;;;;;;
AUS_613;K?rnten-Steiermark;K?rnten-Steiermark;K?rnten-Steiermark;;K?rnten-Steiermark;;;;;;;;;
AUS_612;Tirol;Tyrol;Tirol;;Tirol;;;;;;;;;
AUS_662;Ostgalizien;Galice orientale;Ostgalizien;;Galitzia Oriental;;;;;;;;;
AUS_777;Slawonien;;;;;;;;;;;;;
AUS_771;Kroatien;;;;;;;;;;;;;
AUS_726;Lombardia;Lombardie;Lombardei;;Lombard?a;;;;;;;;;
AUS_729;Venetia;V?n?tie;Venedig;;Venecia;;;;;;;;;
AUS_619;?sterreich;Autriche;?sterreich;;Austria;;;;;;;;;
MEX_85;California;Californie;Kalifornien;;California;;;;;;;;;
MEX_103;Nuevo M?xico;Nuevo M?xico;Nuevo M?xico;;Nuevo M?xico;;;;;;;;;
ENG_260;Munster;M?nster;Munster;;M?nster;;;;;;;;;
ENG_254;Ulster;Ulster;Ulster;;Ulster;;;;;;;;;
ENG_273;Wales;Pays de Galles;Wales;;Gales;;;;;;;;;
ENG_277;North West England;Angleterre du nord-ouest;Nordwestengland;;Inglaterra Noroccidental;;;;;;;;;
ENG_280;North East England;Angleterre du nord-est;Nordostengland;;Inglaterra Nororiental;;;;;;;;;
ENG_284;Midlands;Midlands;Midlands;;Midlands;;;;;;;;;
ENG_291;Eastern Counties;Angleterre de l'est;Eastern Counties;;Condados Orientales;;;;;;;;;
ENG_300;South East England;Angleterre du sud-est;S?dostengland;;Inglaterra suroriental;;;;;;;;;
ENG_303;South Central England;Angleterre du c?ntre;S?dmittelegland;;Inglaterra surcentral;;;;;;;;;
ENG_296;South West England;Angleterre du sud-ouest;S?dwestengland;;Inglaterra suroccidental;;;;;;;;;
ENG_1258;Assam;Assam;Assam;;Assam;;;;;;;;;
SPA_513;Granada;Grenade;Granada;;Granada;;;;;;;;;
SPA_512;Andaluc?a;Andalousie;Andalusien;;Andaluc?a;;;;;;;;;
SPA_484;Extremadura;Estr?madure;Extremadura;;Extremadura;;;;;;;;;
SPA_503;Valencia;Valence;Valencia;;Valencia;;;;;;;;;
SPA_487;Castilla la Nueva;Nouvelle-Castille;Castilla la Nueva;;Castilla La Nueva;;;;;;;;;
TUR_803;Southern Serbia;Serbie du sud;S?dserbien;;Serbia Meridional;;;;;;;;;
SER_794;Northern Serbia;Serbie du nord;Nordserbien;;Serbia Septentrional;;;;;;;;;
TUR_810;Kuzey Bulgaristan;Kuzey Bulgaristan;Kuzey Bulgaristan;;Kuzey Bulgaristan;;;;;;;;;
TUR_674;Dobrudja;Dobrudja;Dobrudja;;Dobrudja;;;;;;;;;
MON_2582;Montenegro;Mont?n?gro;Montenegro;;Montenegro;;;;;;;;;
FRA_458;Aquitaine;Aquitaine;Aquitaine;;Aquitania;;;;;;;;;
FRA_442;Poitou;Poitou;Poitou;;Poitou;;;;;;;;;
FRA_461;Languedoc;Languedoc;Languedoc;;Languedoc;;;;;;;;;
FRA_467;Provence;Provence;Provence;;Provenza;;;;;;;;;
FRA_445;Limousin;Limousin;Limousin;;Lemos?n;;;;;;;;;
FRA_420;Bretagne;Bretagne;Bretagne;;Breta?a;;;;;;;;;
FRA_435;Loire;Loire;Loire;;Loira;;;;;;;;;
FRA_428;Bourgogne;Bourgogne;Bourgogne;;Borgo?a;;;;;;;;;
FRA_418;Normandie;Normandie;Normandie;;Normand?a;;;;;;;;;
FRA_399;Picardie;Picardie;Picardie;;Picard?a;;;;;;;;;
POR_518;Douro;Douro;Douro;;Douro;;;;;;;;;
POR_521;Estremadura;Estr?madure;Estremadura;;Estremadura;;;;;;;;;
POR_525;Alentejo;Alentejo;Alentejo;;Alentejo;;;;;;;;;
POR_2134;Macaronesia;Macaron?sie;Macaronesien;;Macaronesia;;;;;;;;;
ENG_266;Highlands;Highlands;Highlands;;Highlands;;;;;;;;;
ENG_271;Lowlands;Lowlands;Lowlands;;Lowlands;;;;;;;;;
NET_375;Holland;Hollande;Holland;;Holanda;;;;;;;;;
NET_385;Friesland;Frise;Friesland;;Friedland;;;;;;;;;
SAR_466;Savoie;Savoie;Savoie;;Saboya;;;;;;;;;
SAR_720;Piemonte;Pi?mont;Piemont;;Piamonte;;;;;;;;;
TUS_744;Toscana;Toscane;Toskana;;Toscana;;;;;;;;;
PAP_752;Lazio;Lazio;Lazio;;Lazio;;;;;;;;;
SIC_753;Puglia;Pouilles;Puglia;;Puglia;;;;;;;;;
BAD_586;Baden;Baden;Baden;;Baden;;;;;;;;;
WUR_589;W?rttemberg;Wurtemberg;W?rttemberg;;W?rttemberg;;;;;;;;;
PRU_581;Westfalen;Westphalie;Westfalen;;Westfalia;;;;;;;;;
PRU_549;Brandenburg;Brandenbourg;Brandenburg;;Brandenburgo;;;;;;;;;
PRU_701;Posen;Posnanie;Posen;;Pozn?n;;;;;;;;;
PRU_690;Westpreu?en;Westpreu?en;Westpreu?en;;Westpreu?en;;;;;;;;;
PRU_695;Ostpreu?en;Ostpreu?en;Ostpreu?en;;Ostpreu?en;;;;;;;;;
DEN_367;Jylland;Jutland;Jylland;;Jutlandia;;;;;;;;;
DEN_372;Sjaelland;Sjaelland;Sjaelland;;Seelandia;;;;;;;;;
RUS_349;Estland;Estland;Estland;;Estland;;;;;;;;;
RUS_718;Minsk;Minsk;Minsk;;Minsk;;;;;;;;;
RUS_1090;Georgia;G?orgie;Georgien;;Georgia;;;;;;;;;
RUS_1098;Armenia;Arm?nie;Armenien;;Armenia;;;;;;;;;
RUS_339;Karelia;Karelia;Karelien;;Carelia;;;;;;;;;
RUS_1003;Novgorod;Novgorod;Nowgorod;;N?vgorod;;;;;;;;;
RUS_1006;Kursk;;;;;;;;;;;;;
RUS_943;Smolensk;Smolensk;Smolensk;;Smolensk;;;;;;;;;
RUS_998;Tver;Tver;Twer;;Tver;;;;;;;;;
RUS_1009;Chernigov;;;;;;;;;;;;;
RUS_1013;Vladimir;;;;;;;;;;;;;
RUS_1037;Saratov;;;;;;;;;;;;;
RUS_1041;Astrakhan;Astrakan;Astrachan;;Astrac?n;;;;;;;;;
RUS_336;Northern Finland;Finlande du Nord;Nordfinnland;;Finlandia Septentrional;;;;;;;;;
ENG_2224;West Indies;Antilles;Westindien;;Indias Occidentales;;;;;;;;;
ENG_2228;Lesser Antilles;Petites Antilles;Kleine Antillen;;Antillas Menores;;;;;;;;;
MEX_2138;Sonora;Sonora;Sonora;;Sonora;;;;;;;;;
MEX_2183;Yucat?n;Yucat?n;Yucat?n;;Yucat?n;;;;;;;;;
CLM_2251;Antioqu?a;Antioqu?a;Antioqu?a;;Antioqu?a;;;;;;;;;
CLM_2247;Cundinamarca;Cundinamarca;Cundinamarca;;Cundinamarca;;;;;;;;;
CLM_2262;Guaviare;Guaviare;Guaviare;;Guaviare;;;;;;;;;
VNZ_2234;Zulia;Zulia;Zulia;;Zulia;;;;;;;;;
VNZ_2265;Miranda;Miranda;Miranda;;Miranda;;;;;;;;;
VNZ_2278;Bol?var;Bol?var;Bol?var;;Bol?var;;;;;;;;;
ENG_1979;Guayana;Guayana;Guayana;;Guayana;;;;;;;;;
BRZ_2410;Maranh?o;Maranh?o;Maranh?o;;Maranh?o;;;;;;;;;
BRZ_2439;Bahia;Bahia;Bahia;;Bah?a;;;;;;;;;
BRZ_2447;Rio de Janeiro;Rio de Janeiro;Rio de Janeiro;;R?o de Janeiro;;;;;;;;;
BRZ_2306;S?o Paulo;S?o Paulo;S?o Paulo;;Sao Paulo;;;;;;;;;
BRZ_2467;Rio Grande do Sul;Rio Grande do Sul;Rio Grande do Sul;;Rio Grande do Sul;;;;;;;;;
PEU_2291;Trujillo;Trujillo;Trujillo;;Trujillo;;;;;;;;;
PEU_2300;Lima;Lima;Lima;;Lima;;;;;;;;;
PEU_2303;Arequipa;Arequipa;Arequipa;;Arequipa;;;;;;;;;
PRG_2343;Bajo Paraguay;Bajo Paraguay;Bajo Paraguay;;Bajo Paraguay;;;;;;;;;
BOL_2321;La Paz;La Paz;La Paz;;La Paz;;;;;;;;;
BOL_2317;Moxos y Chiquitos;Moxos y Chiquitos;Moxos y Chiquitos;;Moxos y Chiquitos;;;;;;;;;
ARG_2368;Salta;Jujuy;Jujuy;;Jujuy;;;;;;;;;
ARG_2355;Buenos Aires;Buenos Aires;Buenos Aires;;Buenos Aires;;;;;;;;;
ARG_2391;Patagonia Oriental;Patagonie;Patagonia;;Patagonia;;;;;;;;;
SPA_1463;Mindanao;Mindanao;Mindanao;;Mindanao;;;;;;;;;
SPA_1455;Luz?n;Luzon;Luzon;;Luz?n;;;;;;;;;
SPA_1459;Visayas;Visayas;Visayas;;Visayas;;;;;;;;;
